ts_code,name,benchmark,index_code
560930.SH,电力ETF易方达,中证全指电力公用事业指数收益率,
159027.SZ,畜牧养殖ETF大成,中证畜牧养殖产业指数收益率,931946.CSI
159035.SZ,软件ETF天弘,中证软件服务指数收益率,
159032.SZ,工业有色ETF易方达,中证工业有色金属主题指数收益率,h01059.CSI
516840.SH,汽车ETF南方,中证全指汽车指数收益率,h21008.CSI
520730.SH,N港股通汽车ETF万家,恒生港股通汽车主题指数收益率,931239.CSI
159016.SZ,证券ETF广发,同期中证证券公司30指数收益率,
159021.SZ,大盘价值ETF华夏,国证大盘价值指数收益率,399373.SZ
159010.SZ,港股通科技ETF博时,恒生港股通科技主题指数收益率,931573.CSI
588480.SH,科创创业人工智能ETF中金,中证科创创业人工智能指数收益率,931643.CSI
560320.SH,食品ETF富国,中证全指食品指数收益率,h20177.CSI
560460.SH,N电力ETF平安,中证全指电力公用事业指数收益率,
159028.SZ,港股汽车ETF天弘,恒生港股通汽车主题指数收益率(经估值汇率调整),931239.CSI
513240.SH,港股通信息技术ETF华安,中证港股通信息技术综合指数(港元)收益率,930967.CSI
512140.SH,电力ETF华安,中证全指电力公用事业指数收益率,
159182.SZ,家电ETF南方,中证全指家用电器指数收益率,
159030.SZ,粮食ETF华夏,国证粮食产业指数收益率,
159193.SZ,新能源电池ETF银华,国证新能源电池指数收益率,
159017.SZ,石油ETF工银,国证石油天然气指数收益率,
159015.SZ,恒生港股通科技ETF国联,恒生港股通科技主题指数收益率,931573.CSI
560450.SH,电力ETF天弘,中证全指电力公用事业指数收益率,
512430.SH,家居家电ETF华泰柏瑞,中证家居家电指数收益率,931241.CSI
526050.SH,港股通信息技术ETF招商,中证港股通信息技术综合指数(港元)收益率,930967.CSI
560470.SH,有色ETF易方达,中证细分有色金属产业主题指数收益率,000811.SH
159192.SZ,家电ETF汇添富,中证家电龙头指数收益率,931021.CSI
159178.SZ,消费电子ETF汇添富,国证消费电子主题指数收益率,801085.SI
159020.SZ,养殖ETF易方达,中证畜牧养殖产业指数收益率,931946.CSI
159013.SZ,工业互联网ETF大成,中证工业互联网主题指数收益率,921495.CSI
159018.SZ,石油ETF广发,国证石油天然气指数同期收益率,
159026.SZ,石油ETF南方,国证石油天然气指数收益率,
515640.SH,家电ETF华夏,中证全指家用电器指数收益率,
159022.SZ,科创创业人工智能ETF富国,中证科创创业人工智能指数收益率,931643.CSI
159008.SZ,证券ETF景顺,中证全指证券公司指数收益率,h20168.CSI
159185.SZ,港股通信息技术ETF鹏华,中证港股通信息技术综合指数(港元)收益率,930967.CSI
159019.SZ,石油ETF华宝,国证石油天然气指数收益率,
589270.SH,科创100ETF前海开源,上证科创板100指数收益率,
526010.SH,港股通医疗ETF汇添富,中证港股通医疗主题指数(港元)收益率,932069.CSI
159007.SZ,养殖ETF华泰柏瑞,中证畜牧养殖产业指数收益率,931946.CSI
159009.SZ,创业板新能源ETF易方达,创业板新能源指数收益率,
159186.SZ,港股通汽车ETF鹏华,恒生港股通汽车主题指数(港元)收益率,931239.CSI
560410.SH,电池ETF鹏华,中证电池主题指数收益率,
526000.SH,港股通信息技术ETF华夏,中证港股通信息技术综合指数(港元)收益率,930967.CSI
159188.SZ,红利100ETF景顺,标普中国A股红利100指数收益率,
159199.SZ,石油ETF平安,国证石油天然气指数收益率,
159176.SZ,家电ETF华宝,中证全指家用电器指数收益率,
159197.SZ,石油ETF招商,国证石油天然气指数收益率,
516370.SH,电力ETF汇添富,中证全指电力公用事业指数收益率,
159196.SZ,港股通信息技术ETF易方达,中证港股通信息技术综合指数(港元)收益率,930967.CSI
159173.SZ,农牧ETF南方,中证全指农牧渔指数收益率,
159198.SZ,港股通信息技术ETF富国,中证港股通信息技术综合指数(港元)收益率,930967.CSI
589260.SH,科创芯片设计ETF国泰,上证科创板芯片设计主题指数收益率,
159180.SZ,软件ETF银华,国证工业软件主题指数收益率,
159187.SZ,创业板新能源ETF景顺,创业板新能源指数收益率,
159195.SZ,石油ETF华安,国证石油天然气指数收益率,
520790.SH,港股通互联网ETF兴业,中证港股通互联网指数(经估值汇率调整后)收益率,931637.CSI
159160.SZ,电池ETF东财,中证电池主题指数收益率,
512450.SH,畜牧养殖ETF广发,中证畜牧养殖产业指数收益率,931946.CSI
520680.SH,港股通汽车ETF南方,中证港股通汽车产业主题指数(人民币)收益率,931239.CSI
589250.SH,科创芯片设计ETF浦银,上证科创板芯片设计主题指数收益率,
159190.SZ,创业板新能源ETF天弘,创业板新能源指数收益率,
159191.SZ,港股通科技ETF易方达,国证港股通科技指数收益率(使用估值汇率折算),931573.CSI
159179.SZ,港股通互联网ETF工银,经汇率调整后的中证港股通互联网指数收益率,
159177.SZ,工程机械ETF鹏华,中证工程机械主题指数收益率,931752.CSI
159183.SZ,新能源车ETF招商,中证新能源汽车指数收益率,
560210.SH,农牧渔ETF景顺,中证全指农牧渔指数收益率,
159170.SZ,港股通互联网ETF永赢,国证港股通互联网指数收益率(按照估值汇率折算),931637.CSI
159172.SZ,养殖ETF汇添富,中证畜牧养殖产业指数收益率,931946.CSI
159166.SZ,现金流ETF长城,国证自由现金流指数收益率,
512460.SH,电池ETF华夏,中证电池主题指数收益率,
159181.SZ,石油ETF易方达,国证石油天然气指数收益率,
159189.SZ,石油ETF华夏,国证石油天然气指数收益率,
513930.SH,恒生生物科技ETF华泰柏瑞,恒生生物科技指数收益率(使用估值汇率折算),931669.CSI
560400.SH,证券ETF华泰柏瑞,中证全指证券公司指数收益率,h20168.CSI
515460.SH,红利质量ETF南方,中证全指红利质量指数收益率,
159175.SZ,电池ETF易方达,中证电池主题指数收益率,
560390.SH,电网设备ETF易方达,恒生A股电网设备指数收益率,
159171.SZ,工业有色ETF博时,中证工业有色金属主题指数收益率,h01059.CSI
159169.SZ,恒生生物科技ETF广发,恒生生物科技指数收益率(使用估值汇率折算),931669.CSI
520760.SH,恒生生物科技ETF摩根,恒生生物科技指数收益率(经汇率调整后),931669.CSI
560270.SH,电力ETF工银,中证全指电力公用事业指数收益率,
560310.SH,光伏ETF博时,中证光伏产业指数收益率,931151.CSI
560370.SH,红利质量ETF易方达,中证全指红利质量指数收益率,
159168.SZ,有色ETF富国,中证工业有色金属主题指数收益率,h01059.CSI
159159.SZ,公用事业ETF国投瑞银,中证全指公用事业指数收益率,000995.SH
563560.SH,科技成长ETF兴业,中证科技优势成长50策略指数收益率,
159165.SZ,养殖ETF永赢,中证畜牧养殖产业指数收益率,931946.CSI
515970.SH,工程机械ETF华夏,中证工程机械主题指数收益率,931752.CSI
512940.SH,有色ETF华安,中证有色金属矿业主题指数收益率,000819.SH
159167.SZ,港股通医疗ETF工银,经汇率调整后的中证港股通医疗主题指数收益率,
159156.SZ,电池ETF万家,国证新能源车电池指数收益率,399417.SZ
159148.SZ,石油ETF富国,国证石油天然气指数收益率,
530060.SH,上证指数ETF易方达,上证综合指数收益率,000008.SH
159153.SZ,消费电子ETF鹏华,国证消费电子主题指数收益率,801085.SI
159157.SZ,有色金属ETF天弘,中证工业有色金属主题指数收益率,h01059.CSI
560710.SH,船舶ETF富国,中证智选船舶产业指数收益率,932420.CSI
560230.SH,光伏ETF富国,中证光伏产业指数收益率,931151.CSI
589170.SH,科创芯片设计ETF鹏华,上证科创板芯片设计主题指数收益率,
159135.SZ,港股通科技ETF前海开源,恒生港股通科技主题指数收益率(经估值汇率调整),931573.CSI
520610.SH,港股红利低波ETF银华,标普港股通低波红利指数收益率(经估值汇率调整),
159163.SZ,有色ETF泰康,中证有色金属矿业主题指数收益率,000819.SH
560290.SH,有色ETF景顺,中证有色金属矿业主题指数收益率,000819.SH
516230.SH,光伏ETF招商,中证光伏产业指数收益率,931151.CSI
159247.SZ,创业板ETF汇添富,创业板指数收益率,399006.SZ
159152.SZ,港股通科技ETF平安,恒生港股通科技主题指数收益率(经汇率调整),931573.CSI
520930.SH,恒生生物科技ETF国泰,恒生生物科技指数收益率(经汇率调整),931669.CSI
589160.SH,科创芯片ETF广发,上证科创板芯片指数收益率,
159162.SZ,工业有色ETF鹏华,中证工业有色金属主题指数收益率,h01059.CSI
520910.SH,港股通互联网ETF华夏,经估值汇率调整后的中证港股通互联网指数收益率,
560160.SH,食品ETF易方达,中证全指食品指数收益率,h20177.CSI
589190.SH,科创芯片ETF华宝,上证科创板芯片指数收益率,
589220.SH,科创200ETF国泰,上证科创板200指数收益率,
159158.SZ,电力ETF景顺,中证全指电力公用事业指数收益率,
589230.SH,科创人工智能ETF南方,上证科创板人工智能指数收益率,
589070.SH,科创芯片设计ETF天弘,上证科创板芯片设计主题指数收益率,
159147.SZ,电池ETF南方,中证电池主题指数收益率,
159155.SZ,电池ETF大成,中证电池主题指数收益率,
159146.SZ,电力ETF华宝,中证全指电力公用事业指数收益率,
159145.SZ,工业软件ETF广发,国证工业软件主题指数收益率,
159149.SZ,创业板新能源ETF工银,创业板新能源指数收益率,
520850.SH,港股通医疗ETF易方达,中证港股通医疗主题指数收益率(使用估值汇率折算),932069.CSI
159138.SZ,工程机械ETF易方达,中证工程机械主题指数收益率,931752.CSI
589030.SH,科创芯片设计ETF易方达,上证科创板芯片设计主题指数收益率,
159151.SZ,食品ETF华夏,中证全指食品指数收益率,h20177.CSI
563870.SH,通用航空ETF鹏华,中证通用航空主题指数收益率,931855.CSI
159137.SZ,港股通医疗ETF华宝,经人民币汇率调整的中证港股通医疗主题指数收益率,
159293.SZ,创业板综增强ETF建信,创业板综合指数收益率,399102.SZ
513720.SH,港股互联网ETF国泰,中证港股通互联网指数收益率(经汇率调整),931637.CSI
560130.SH,食品ETF鹏华,中证全指食品指数收益率,h20177.CSI
589130.SH,科创芯片ETF易方达,上证科创板芯片指数收益率,
159143.SZ,港股通央企红利ETF平安,恒生港股通中国央企红利指数收益率(经汇率调整),930644.CSI
563930.SH,上证增强ETF招商,上证综合指数收益率,000008.SH
159132.SZ,恒生生物科技ETF富国,恒生生物科技指数收益率(使用估值汇率折算),931669.CSI
159243.SZ,创业板人工智能ETF招商,创业板人工智能指数收益率,
520770.SH,恒指港股通ETF建信,恒指港股通指数收益率(经汇率调整),
520810.SH,港股通红利ETF易方达,中证港股通高股息投资指数收益率(使用估值汇率折算),930914.CSI
563790.SH,卫星ETF鹏华,中证卫星产业指数收益率,931594.CSI
588420.SH,科创创业人工智能ETF摩根,中证科创创业人工智能指数收益率,931643.CSI
588430.SH,科创创业人工智能ETF工银,中证科创创业人工智能指数收益率,931643.CSI
589150.SH,科创50ETF平安,上证科创板50成份指数收益率,
588410.SH,科创创业人工智能ETF鹏华,中证科创创业人工智能指数收益率,931643.CSI
562070.SH,沪深300指增ETF华宝,沪深300指数收益率,000300.SH
159136.SZ,A50ETF广发,中证A50指数收益率,
589210.SH,科创芯片设计ETF广发,上证科创板芯片设计主题指数收益率,
563850.SH,食品ETF广发,中证全指食品指数收益率,h20177.CSI
517950.SH,沪深港科技50ETF交银,中证智选沪深港科技50指数收益率,931785.CSI
159139.SZ,科创创业人工智能ETF华泰柏瑞,中证科创创业人工智能指数收益率,931643.CSI
159140.SZ,科创创业人工智能ETF易方达,中证科创创业人工智能指数收益率,931643.CSI
516250.SH,工程机械ETF富国,中证工程机械主题指数收益率,931752.CSI
159142.SZ,科创创业人工智能ETF景顺,中证科创创业人工智能指数收益率,931643.CSI
563960.SH,300质量ETF兴全,沪深300质量指数收益率,000300.SH
520780.SH,港股通汽车ETF华宝,经人民币汇率调整的中证港股通汽车产业主题指数收益率,
159141.SZ,科创创业人工智能ETF永赢,中证科创创业人工智能指数收益率,931643.CSI
159253.SZ,银行ETF博时,中证银行指数收益率,h20180.CSI
520630.SH,港股通互联网ETF广发,中证港股通互联网指数收益率(使用估值汇率折算),931637.CSI
520820.SH,恒指港股通ETF汇添富,恒指港股通指数收益率(经估值汇率调整后),
159130.SZ,恒生生物科技ETF鹏华,恒生生物科技指数收益率(经汇率调整后),931669.CSI
159123.SZ,光伏ETF嘉实,中证光伏产业指数收益率,931151.CSI
520530.SH,港股通科技ETF东财,中证港股通科技指数收益率,931573.CSI
159118.SZ,港股通红利低波ETF华夏,经估值汇率调整后的标普港股通低波红利指数收益率,
159133.SZ,化工ETF天弘,中证细分化工产业主题指数收益率,000813.SH
563510.SH,A500红利低波ETF易方达,中证A500红利低波动指数收益率,932154.CSI
520590.SH,恒生科技ETF鹏华,恒生科技指数收益率(经汇率调整后),
515730.SH,家居家电ETF永赢,中证家居家电指数收益率,931241.CSI
159121.SZ,港股通汽车ETF易方达,恒生港股通汽车主题指数收益率(使用估值汇率折算),931239.CSI
159108.SZ,工业软件ETF博时,国证工业软件主题指数收益率,
159127.SZ,港股通红利ETF南方,中证港股通高股息投资指数(经估值汇率调整后)收益率,930914.CSI
512620.SH,农业ETF天弘,中证农业主题指数收益率,
159129.SZ,化工ETF嘉实,中证细分化工产业主题指数收益率,000813.SH
515370.SH,光伏ETF华夏,中证光伏产业指数收益率,931151.CSI
159100.SZ,巴西ETF华夏,巴西伊博维斯帕指数收益率(经估值汇率调整后),
159131.SZ,港股通信息技术ETF华宝,经人民币汇率调整的中证港股通信息技术综合指数收益率,
563530.SH,卫星ETF易方达,中证卫星产业指数收益率,931594.CSI
159120.SZ,港股通科技ETF国联安,同期恒生港股通科技主题指数收益率(使用估值汇率折算),
520870.SH,巴西ETF易方达,巴西IBOVESPA指数收益率(使用估值汇率折算),
159119.SZ,800现金流ETF招商,中证800自由现金流指数收益率,
159128.SZ,港股科技ETF天弘,国证港股通科技指数收益率(经估值汇率调整),931573.CSI
520950.SH,港股通50ETF摩根,恒生港股通50指数收益率(经汇率调整后),930931.CSI
563570.SH,金融科技ETF兴业,中证金融科技主题指数收益率,399699.SZ
563380.SH,航空航天ETF华泰柏瑞,中证全指航空航天指数收益率,932088.CSI
561660.SH,通用航空ETF平安,中证通用航空主题指数收益率,931855.CSI
520570.SH,恒生科技ETF南方,经汇率调整后的恒生科技指数收益率,
520650.SH,港股通互联网ETF南方,中证港股通互联网指数(经估值汇率调整后)收益率,931637.CSI
563590.SH,A500红利低波动ETF国寿,中证A500红利低波动指数收益率,932154.CSI
159125.SZ,港股通科技ETF招商,国证港股通科技指数收益率(经汇率调整后),931573.CSI
159260.SZ,证券ETF博时,中证全指证券公司指数收益率,h20168.CSI
563980.SH,800红利低波ETF鑫元,中证800红利低波动指数收益率,931848.CSI
159295.SZ,创业综指ETF西部利得,创业板综合指数收益率,399102.SZ
563750.SH,中证500ETF汇添富,中证500指数收益率,
520960.SH,恒指港股通ETF嘉实,经估值汇率调整后的恒指港股通指数收益率,
159126.SZ,港股通50ETF南方,中证港股通50指数(经估值汇率调整后)收益率,930931.CSI
159122.SZ,创业板新能源ETF富国,创业板新能源指数收益率,
159105.SZ,恒生生物科技ETF易方达,恒生生物科技指数收益率(使用估值汇率折算),931669.CSI
510670.SH,上证180ETF华夏,上证180指数收益率,
512630.SH,卫星ETF广发,同期中证卫星产业指数收益率,
530100.SH,上证580ETF易方达,上证580指数收益率,
159285.SZ,港股通消费ETF华安,国证港股通消费主题指数收益率(经汇率调整),921454.CSI
159117.SZ,港股通红利低波ETF鹏华,标普港股通低波红利指数收益率(经汇率调整后),
589950.SH,科创100ETF富国,上证科创板100指数收益率,
589110.SH,科创人工智能ETF国泰,上证科创板人工智能指数收益率,
159106.SZ,民企300ETF前海开源,中证民企300指数收益率,921265.CSI
563670.SH,金融科技ETF鹏华,中证金融科技主题指数收益率,399699.SZ
588140.SH,科创200ETF广发,上证科创板200指数收益率,
159109.SZ,恒生50ETF景顺,恒生港股通50指数收益率(使用估值汇率折算),930931.CSI
520560.SH,香港大盘30ETF华宝,经人民币汇率调整的恒生中国(香港上市)30指数收益率,
563890.SH,国企红利ETF创金合信,中证国有企业红利指数收益率,
563690.SH,红利低波ETF永赢,中证红利低波动指数收益率,921345.CSI
515720.SH,金融科技ETF富国,中证金融科技主题指数收益率,399699.SZ
520920.SH,恒生科技ETF天弘,恒生科技指数收益率(经估值汇率调整),
530380.SH,上证380ETF易方达,上证380指数收益率,
159275.SZ,农牧渔ETF华宝,中证全指农牧渔指数收益率,
551060.SH,科创债ETF中银,上证AAA科技创新公司债指数收益率,
159288.SZ,创业板综ETF银华,创业板综合指数收益率,399102.SZ
159110.SZ,科创债ETF万家,深证AAA科技创新公司债指数收益率,
159111.SZ,科创债ETF天弘,中证AAA科技创新公司债指数收益率,
551800.SH,科创债ETF国泰,中证AAA科技创新公司债指数收益率,
511150.SH,科创债ETF永赢,上证AAA科技创新公司债指数收益率,
159279.SZ,创业板人工智能ETF华安,创业板人工智能指数收益率,
159116.SZ,科创债ETF工银,中证AAA科技创新公司债指数收益率,
159112.SZ,科创债ETF银华,中证AAA科技创新公司债指数收益率,
551520.SH,科创债ETF汇添富,中证AAA科技创新公司债指数收益率,
551580.SH,科创债ETF泰康,中证AAA科技创新公司债指数收益率,
520720.SH,港股汽车ETF国泰,中证港股通汽车产业主题指数收益率(经估值汇率调整),931239.CSI
551560.SH,科创债ETF兴业,中证AAA科技创新公司债指数收益率,
589780.SH,科创200ETF富国,上证科创板200指数收益率,
551300.SH,科创债ETF摩根,上证AAA科技创新公司债指数收益率,
551510.SH,科创债ETF华泰柏瑞,中证AAA科技创新公司债指数收益率,
159113.SZ,科创债ETF大成,中证AAA科技创新公司债指数收益率,
159115.SZ,科创债ETF华安,中证AAA科技创新公司债指数收益率,
159297.SZ,港股通创新药ETF南方,国证港股通创新药指数(经估值汇率调整后)收益率,931250.CSI
560570.SH,A500红利ETF国联安,中证A500红利低波动指数收益率,932154.CSI
589120.SH,科创创新药ETF汇添富,上证科创板创新药指数收益率,
159107.SZ,创业板软件ETF富国,创业板软件指数收益率,
563600.SH,A500增强ETF易方达,中证A500指数收益率,000510.SH
589960.SH,科创新能源ETF易方达,上证科创板新能源指数收益率,
159290.SZ,创业板综指增强ETF东财,创业板综合指数收益率,399102.SZ
159272.SZ,机器人ETF富国,国证机器人产业指数收益率,
159102.SZ,港股通生物科技ETF华安,恒生生物科技指数收益率(经汇率调整),931669.CSI
563230.SH,卫星ETF富国,中证卫星产业指数收益率,931594.CSI
159299.SZ,金融科技ETF易方达,中证金融科技主题指数收益率,399699.SZ
159289.SZ,创业板综指ETF鹏华,创业板综合指数收益率,399102.SZ
159298.SZ,创业板50ETF大成,创业板50指数收益率,399673.SZ
159103.SZ,金融科技ETF汇添富,中证金融科技主题指数收益率,399699.SZ
561680.SH,A500红利低波ETF平安,中证A500红利低波动指数收益率,932154.CSI
589820.SH,科创200ETF建信,上证科创板200指数收益率,
159296.SZ,A500红利低波ETF华宝,中证A500红利低波动指数收益率,932154.CSI
588550.SH,科创综指增强ETF易方达,上证科创板综合指数收益率,
589020.SH,科创半导体设备ETF鹏华,上证科创板半导体材料设备主题指数收益率,
159101.SZ,港股通科技ETF华夏,经估值汇率调整后的国证港股通科技指数收益率,
589560.SH,科创人工智能ETF汇添富,上证科创板人工智能指数收益率,
563320.SH,通用航空ETF华泰柏瑞,中证通用航空主题指数收益率,931855.CSI
560770.SH,机器人ETF招商,中证机器人指数收益率,
159291.SZ,创业板综增强ETF招商,创业板综合指数收益率,399102.SZ
159259.SZ,成长ETF易方达,国证成长100指数收益率,931251.CSI
530530.SH,上证580ETF华夏,上证580指数收益率,
588690.SH,科创增强ETF银华,上证科创板综合指数收益率,
159500.SZ,中证500ETF富国,中证500指数收益率,
159281.SZ,港股央企红利ETF天弘,中证港股通央企红利指数收益率(经估值汇率调整),931233.CSI
159292.SZ,创业板综增强ETF华宝,创业板综合指数收益率,399102.SZ
159286.SZ,港股通创新药ETF鹏华,国证港股通创新药指数收益率(经汇率调整后),931250.CSI
159287.SZ,创业板综ETF博时,创业板综合指数收益率,399102.SZ
520840.SH,港股通恒生科技ETF华安,恒生港股通科技主题指数收益率(经汇率调整),931573.CSI
159369.SZ,创业板50ETF易方达,创业板50指数收益率,399673.SZ
159283.SZ,通用航空ETF南方,中证通用航空主题指数收益率,931855.CSI
589090.SH,科创AIETF鹏华,上证科创板人工智能指数收益率,
520620.SH,恒生消费ETF嘉实,经估值汇率调整后的恒生消费指数收益率,
512370.SH,A500增强ETF华夏,中证A500指数收益率,000510.SH
159280.SZ,港股通互联网ETF汇添富,国证港股通互联网指数收益率(经估值汇率调整后),931637.CSI
563620.SH,全指现金流ETF兴业,中证全指自由现金流指数收益率,
159277.SZ,港股通红利ETF富国,中证港股通高股息投资指数收益率(使用估值汇率折算),930914.CSI
520670.SH,港股通科技ETF嘉实,经估值汇率调整后的恒生港股通科技主题指数收益率,
589850.SH,科创50ETF东财,上证科创板50成份指数收益率,
589050.SH,科创综指ETF兴业,上证科创板综合价格指数收益率,
159271.SZ,恒生ETF鹏华,恒生指数收益率(经汇率调整后),
520970.SH,港股通创新药ETF嘉实,中证港股通创新药指数收益率(经估值汇率调整后),931250.CSI
159278.SZ,机器人ETF鹏华,国证机器人产业指数收益率,
159273.SZ,云计算ETF汇添富,中证沪港深云计算产业指数收益率,
512030.SH,中证A50增强ETF易方达,中证A50指数收益率,
520510.SH,港股通医疗ETF华夏,中证港股通医疗主题指数收益率(经估值汇率调整后),932069.CSI
159255.SZ,通用航空ETF易方达,国证通用航空产业指数收益率,931855.CSI
159258.SZ,机器人ETF南方,中证机器人指数收益率,
159256.SZ,创业板软件ETF华夏,创业板软件指数收益率,
589200.SH,科创200ETF工银,上证科创板200指数收益率,
520690.SH,港股创新药ETF博时,恒生港股通创新药精选指数收益率(经估值汇率调整后),931250.CSI
589720.SH,科创创新药ETF国泰,上证科创板创新药指数收益率,
588980.SH,科创100ETF广发,上证科创板100指数收益率,
560120.SH,中证500现金流ETF华夏,中证500自由现金流指数收益率,
159266.SZ,港股央企红利ETF永赢,中证港股通央企红利指数收益率(按照估值汇率折算),931233.CSI
159267.SZ,航天ETF华安,国证航天航空行业指数收益率,
159276.SZ,现金流ETF汇添富,国证自由现金流指数收益率,
562870.SH,证券ETF嘉实,中证全指证券公司指数收益率,h20168.CSI
159270.SZ,创业板200ETF南方,创业板中盘200指数收益率,
159257.SZ,航空ETF汇添富,国证通用航空产业指数收益率,931855.CSI
589550.SH,科创价值ETF华夏,上证智选科创板价值50策略指数收益率,950228.SH
588920.SH,科创芯片ETF鹏华,上证科创板芯片指数收益率,
520860.SH,港股通科技ETF富国,中证港股通科技指数收益率(使用估值汇率折算),931573.CSI
159242.SZ,创业板人工智能ETF大成,创业板人工智能指数收益率,
563580.SH,自由现金流800ETF万家,中证800自由现金流指数收益率,
159251.SZ,港股通科技ETF万家,国证港股通科技指数收益率(经估值汇率调整),931573.CSI
159400.SZ,科创债ETF景顺,深证AAA科技创新公司债指数收益率,
511120.SH,科创债ETF广发,上证AAA科技创新公司债指数收益率,
551500.SH,科创债ETF易方达,中证AAA科技创新公司债指数收益率,
159248.SZ,人工智能ETF万家,中证人工智能主题指数收益率,921487.CSI
551030.SH,科创债ETF鹏华,上证AAA科技创新公司债指数收益率,
551000.SH,科创债ETF博时,上证AAA科技创新公司债指数收益率,
551900.SH,科创债ETF招商,中证AAA科技创新公司债指数收益率,
159600.SZ,科创债ETF嘉实,中证AAA科技创新公司债指数收益率,
159200.SZ,科创债ETF富国,中证AAA科技创新公司债指数收益率,
551550.SH,科创债ETF华夏,中证AAA科技创新公司债指数收益率,
159700.SZ,科创债ETF南方,中证AAA科技创新公司债指数收益率,
159268.SZ,港股通消费ETF汇添富,国证港股通消费主题指数收益率(经估值汇率调整后),921454.CSI
512060.SH,A100ETF天弘,中证A100指数收益率,000903.SH
160641.SZ,鹏华丰锐LOF,中债总指数收益率,
159311.SZ,数字经济ETF易方达,中证数字经济主题指数收益率,399262.SZ
159246.SZ,创业板人工智能ETF富国,创业板人工智能指数收益率,
159269.SZ,港股通科技ETF南方,中证港股通科技指数(人民币)收益率,931573.CSI
159263.SZ,价值ETF易方达,国证价值100指数收益率,931168.CSI
520880.SH,港股通创新药ETF华宝,经人民币汇率调整的恒生港股通创新药精选指数收益率,
588520.SH,科创增强ETF永赢,上证科创板综合价格指数收益率,
159262.SZ,港股通科技ETF广发,同期恒生港股通科技主题指数收益率(使用估值汇率折算),
159261.SZ,创业板新能源ETF鹏华,创业板新能源指数收益率,
159223.SZ,现金流ETF永赢,国证自由现金流指数收益率,
159237.SZ,港股汽车ETF工银,经汇率调整后的中证港股通汽车产业主题指数收益率,
589380.SH,科创AIETF富国,上证科创板人工智能指数收益率,
159249.SZ,A500增强ETF工银,中证A500指数收益率,000510.SH
563630.SH,A500增强ETF国联安,中证A500指数收益率,000510.SH
520980.SH,港股通科技ETF汇添富,恒生港股通中国科技指数收益率(经估值汇率调整后),930644.CSI
159365.SZ,恒指港股通ETF富国,恒指港股通指数收益率(使用估值汇率折算),
159265.SZ,港股消费ETF鹏华,国证港股通消费主题指数收益率(经汇率调整后),921454.CSI
159550.SZ,互联网ETF东财,中证沪港深互联网指数收益率,
561090.SH,A500增强ETF华安,中证A500指数收益率,000510.SH
159203.SZ,大盘成长ETF博时,国证大盘成长指数收益率,399372.SZ
561770.SH,A100ETF博时,中证A100指数收益率,000903.SH
562050.SH,药ETF华宝,中证制药指数收益率,932217.CSI
159245.SZ,港股通消费ETF富国,国证港股通消费主题指数收益率(使用估值汇率折算),921454.CSI
589180.SH,科创新材料ETF汇添富,上证科创板新材料指数收益率,
159240.SZ,A500增强ETF天弘,中证A500指数收益率,000510.SH
159228.SZ,红利低波ETF长城,中证红利低波动100指数收益率,921345.CSI
588670.SH,科创综指增强ETF嘉实,上证科创板综合指数收益率,
588270.SH,科创200ETF易方达,上证科创板200指数收益率,
512130.SH,全指现金流ETF鹏华,中证全指自由现金流指数收益率,
159205.SZ,创业板ETF东财,创业板指数收益率,399006.SZ
159387.SZ,创业板新能源ETF国泰,创业板新能源指数收益率,
159238.SZ,沪深300增强ETF景顺,沪深300指数收益率,000300.SH
589580.SH,科创综指ETF兴银,上证科创板综合价格指数收益率,
159372.SZ,创业板50ETF万家,创业板50指数收益率,399673.SZ
588710.SH,科创半导体设备ETF华泰柏瑞,上证科创板半导体材料设备主题指数收益率,
520940.SH,港股通恒生ETF华安,恒指港股通指数收益率(经汇率调整),
159210.SZ,港股通汽车ETF汇添富,中证港股通汽车产业主题指数收益率(经估值汇率调整后),931239.CSI
561750.SH,A50ETF博时,中证A50指数收益率,
159389.SZ,数字经济ETF嘉实,中证诚通国企数字经济指数收益率,
159230.SZ,通用航空ETF华夏,国证通用航空产业指数收益率,931855.CSI
563760.SH,全指现金流ETF中银,中证全指自由现金流指数收益率,
159241.SZ,航空航天ETF天弘,国证航天航空行业指数收益率,
589700.SH,科创成长ETF南方,上证科创板成长指数收益率,
159233.SZ,自由现金流ETF平安,中证全指自由现金流指数收益率,
159385.SZ,数字经济ETF富国,中证诚通国企数字经济指数收益率,
588940.SH,科创50ETF富国,上证科创板50成份指数收益率,
561220.SH,数字经济ETF工银,中证诚通国企数字经济指数收益率,
159226.SZ,中证A500增强ETF国泰,中证A500指数收益率,000510.SH
159239.SZ,港股通汽车ETF富国,恒生港股通汽车主题指数收益率(使用估值汇率折算),931239.CSI
588130.SH,科创医药ETF华夏,上证科创板生物医药指数收益率,
563830.SH,全指现金流ETF博时,中证全指自由现金流指数收益率,
159218.SZ,卫星ETF招商,中证卫星产业指数收益率,931594.CSI
563770.SH,全指现金流ETF招商,中证全指自由现金流指数收益率,
563550.SH,A500增强ETF摩根,中证A500指数收益率,000510.SH
563060.SH,央企50ETF易方达,中证国资央企50指数收益率,931823.CSI
159229.SZ,自由现金流ETF广发,中证800自由现金流指数收益率,
563780.SH,现金流全指ETF方正富邦,中证全指自由现金流指数收益率,
159392.SZ,航空ETF富国,国证通用航空产业指数收益率,931855.CSI
159236.SZ,自由现金流ETF工银,中证全指自由现金流指数收益率,
563680.SH,800现金流ETF汇添富,中证800自由现金流指数收益率,
159227.SZ,航空航天ETF华夏,国证航天航空行业指数收益率,
159221.SZ,现金流ETF嘉实,国证自由现金流指数收益率,
159220.SZ,港股通红利低波ETF华宝,经人民币汇率调整的标普港股通低波红利指数收益率,
501227.SH,泓德红利优选LOF,中证红利指数收益率*90%+中国债券综合全价指数收益率*10%,000015.SH
561870.SH,现金流全指ETF华富,中证全指自由现金流指数收益率,
159208.SZ,航空航天ETF万家,国证航天航空行业指数收益率,
589980.SH,科创100ETF汇添富,上证科创板100指数收益率,
563900.SH,300自由现金流ETF摩根,沪深300自由现金流指数收益率,000300.SH
159219.SZ,深证100ETF融通,深证100指数收益率,399329.SZ
159232.SZ,自由现金流ETF南方,中证全指自由现金流指数收益率,
563390.SH,全指现金流ETF华泰柏瑞,中证全指自由现金流指数收益率,
159382.SZ,创业板人工智能ETF南方,创业板人工智能指数收益率,
159235.SZ,中证现金流ETF大成,中证全指自由现金流指数收益率,
561080.SH,全指现金流ETF华安,中证全指自由现金流指数收益率,
159213.SZ,机器人ETF汇添富,中证机器人指数收益率,
159231.SZ,通用航空ETF华宝,国证通用航空产业指数收益率,931855.CSI
516460.SH,现金流ETF800鹏华,中证800自由现金流指数收益率,
563990.SH,800现金流ETF富国,中证800自由现金流指数收益率,
510320.SH,沪深300ETF中金,沪深300指数收益率,000300.SH
563700.SH,红利价值ETF易方达,中证红利价值指数收益率,h20270.CSI
588850.SH,科创机械ETF嘉实,上证科创板工业机械指数收益率,
159225.SZ,现金流ETF银华,国证自由现金流指数收益率,
589300.SH,科创综指ETF嘉实,上证科创板综合指数收益率,
159222.SZ,自由现金流ETF易方达,国证自由现金流指数收益率,
562080.SH,300现金流ETF华宝,沪深300自由现金流指数收益率,000300.SH
159391.SZ,大盘价值ETF博时,国证大盘价值指数收益率,399373.SZ
512250.SH,A50ETF招商,中证A50指数收益率,
588040.SH,科创50ETF鹏华,上证科创板50成份指数收益率,
159366.SZ,港股医疗ETF永赢,中证港股通医疗主题指数收益率(按照估值汇率折算),932069.CSI
159211.SZ,深证100ETF富国,深证100指数收益率,399329.SZ
159202.SZ,恒生互联网ETF万家,恒生互联网科技业指数收益率(经估值汇率调整),
159377.SZ,创业板医药ETF国泰,创业板医药卫生指数收益率,
159216.SZ,深证100ETF大成,深证100指数收益率,399329.SZ
560820.SH,中证A50ETF新华,中证A50指数收益率,
159212.SZ,深100ETF南方,深证100指数收益率,399329.SZ
159207.SZ,高股息ETF广发,中证智选高股息策略指数收益率,932305.CSI
588720.SH,科创50ETF中银,上证科创板50成份指数收益率,
159217.SZ,港股通创新药ETF工银,经汇率调整后的国证港股通创新药指数收益率,
159388.SZ,创业板人工智能ETF国泰,创业板人工智能指数收益率,
589010.SH,科创人工智能ETF华夏,上证科创板人工智能指数收益率,
589100.SH,科创芯片ETF国泰,上证科创板芯片指数收益率,
159390.SZ,中证A50ETF国联,中证A50指数收益率,
512240.SH,A50ETF鹏华,中证A50指数收益率,
159215.SZ,A500ETF平安,中证A500指数收益率,000510.SH
563650.SH,中证A500ETF兴业,中证A500指数收益率,000510.SH
588170.SH,科创半导体ETF华夏,上证科创板半导体材料设备主题指数收益率,
563660.SH,A500ETF银河,中证A500指数收益率,000510.SH
588910.SH,科创价值ETF建信,上证智选科创板创新价值指数收益率,950228.SH
589060.SH,科创综指ETF东财,上证科创板综合价格指数收益率,
560630.SH,机器人ETF万家,中证机器人指数收益率,
159316.SZ,港股通创新药ETF易方达,恒生港股通创新药指数收益率(使用估值汇率折算),931250.CSI
159368.SZ,创业板新能源ETF华夏,创业板新能源指数收益率,
588770.SH,科创信息ETF摩根,上证科创板新一代信息技术指数收益率,
159381.SZ,创业板人工智能ETF华夏,创业板人工智能指数收益率,
588250.SH,科创医药ETF鹏华,上证科创板生物医药指数收益率,
159209.SZ,红利质量ETF招商,中证全指红利质量指数收益率,
159206.SZ,卫星ETF永赢,国证商用卫星通信产业指数收益率,
589520.SH,科创人工智能ETF华宝,上证科创板人工智能指数收益率,
562810.SH,上证指数增强ETF嘉实,上证综合指数收益率,000008.SH
589630.SH,科创综指ETF国泰,上证科创板综合指数收益率,
588660.SH,科创创业50ETF兴银,中证科创创业50指数收益率,931643.CSI
589600.SH,科创综指ETF富国,上证科创板综合价格指数收益率,
589860.SH,科创综指ETF天弘,上证科创板综合指数收益率,
589660.SH,科创综指ETF南方,上证科创板综合指数收益率,
589680.SH,科创综指ETF鹏华,上证科创板综合指数收益率,
513830.SH,港股通高股息ETF嘉实,经估值汇率调整后的中证港股通高股息投资指数收益率,
589080.SH,科创综指ETF汇添富,上证科创板综合指数收益率,
589890.SH,科创综指ETF景顺,上证科创板综合价格指数收益率,
589900.SH,科创综指ETF博时,上证科创板综合指数收益率,
589990.SH,科创综指ETF华泰柏瑞,上证科创板综合指数收益率,
588840.SH,科创50ETF万家,上证科创板50成份指数收益率,
589770.SH,科创综指ETF招商,上证科创板综合指数收益率,
589000.SH,科创综指ETF华夏,上证科创板综合指数收益率,
159393.SZ,沪深300ETF万家,沪深300指数收益率,000300.SH
589800.SH,科创综指ETF易方达,上证科创板综合指数收益率,
589500.SH,科创综指ETF工银,上证科创板综合价格指数收益率,
589880.SH,科创综指ETF建信,上证科创板综合指数收益率,
159399.SZ,现金流ETF国泰,富时中国A股自由现金流聚焦指数(FTSE China A Free Cash Flow Focus Index)收益率,
159201.SZ,自由现金流ETF华夏,国证自由现金流指数收益率,
588240.SH,科创200ETF鹏华,上证科创板200指数收益率,
588960.SH,科创新能源ETF富国,上证科创板新能源指数收益率,
159383.SZ,创业板50ETF华泰柏瑞,创业板50指数收益率,399673.SZ
159371.SZ,创业板50ETF富国,创业板50指数收益率,399673.SZ
159367.SZ,创业板50ETF华夏,创业板50指数收益率,399673.SZ
159386.SZ,A500ETF永赢,中证A500指数收益率,000510.SH
159373.SZ,创业板50ETF嘉实,创业板50指数收益率,399673.SZ
159336.SZ,央企红利ETF融通,中证诚通央企红利指数收益率,931132.CSI
560750.SH,A500ETF申万菱信,中证A500指数收益率,000510.SH
563860.SH,中证A500ETF海富通,中证A500指数收益率,000510.SH
159397.SZ,信用债ETF广发,同期深证基准做市信用债指数收益率,
159398.SZ,信用债ETF天弘,深证基准做市信用债指数收益率,
588870.SH,科创50ETF汇添富,上证科创板50成份指数收益率,
530800.SH,上证180ETF银华,上证180指数收益率,
159396.SZ,信用债ETF博时,深证基准做市信用债指数收益率,
511190.SH,信用债ETF海富通,上证基准做市公司债指数收益率,
511110.SH,公司债ETF易方达,上证基准做市公司债指数收益率,
520580.SH,新兴亚洲ETF招商,新交所新兴亚洲精选50指数,
563210.SH,专精特新ETF富国,恒生A股专精特新企业指数收益率,
588730.SH,科创人工智能ETF易方达,上证科创板人工智能指数收益率,
511200.SH,信用债ETF华夏,上证基准做市公司债指数收益率,
159395.SZ,信用债ETF大成,深证基准做市信用债指数收益率,
530280.SH,上证180ETF平安,上证180指数收益率,
520550.SH,港股红利低波ETF招商,恒生港股通高股息低波动指数收益率(经汇率调整后),930914.CSI
588950.SH,科创50ETF景顺,上证科创板50成份指数收益率,
588760.SH,科创人工智能ETF广发,上证科创板人工智能指数收益率,
561880.SH,A100ETF华富,中证A100指数收益率,000903.SH
512080.SH,A500ETF中金,中证A500指数收益率,000510.SH
511070.SH,公司债ETF南方,上证基准做市公司债指数收益率,
159370.SZ,创50ETF工银,创业板50指数收益率,399673.SZ
159379.SZ,A500ETF融通,中证A500指数收益率,000510.SH
530080.SH,上证180ETF天弘,上证180指数收益率,
588930.SH,科创人工智能ETF银华,上证科创板人工智能指数收益率,
159378.SZ,通用航空ETF永赢,国证通用航空产业指数收益率,931855.CSI
588790.SH,科创AIETF博时,上证科创板人工智能指数收益率,
159380.SZ,A500ETF东财,中证A500指数收益率,000510.SH
159323.SZ,港股通汽车ETF华夏,经估值汇率调整后的中证港股通汽车产业主题指数收益率,
159375.SZ,创业板50ETF国泰,创业板50指数收益率,399673.SZ
530580.SH,上证180ETF南方,上证180指数收益率,
530300.SH,上证180ETF华泰柏瑞,上证180指数收益率,
159376.SZ,A500ETF浦银,中证A500指数收益率,000510.SH
588810.SH,科创芯片ETF富国,上证科创板芯片指数收益率,
560190.SH,公用事业ETF鹏华,中证全指公用事业指数收益率,000995.SH
510040.SH,上证180ETF鹏华,上证180指数收益率,
530680.SH,上证180ETF兴业,上证180指数收益率,
588820.SH,科创200ETF华夏,上证科创板200指数收益率,
511160.SH,国债ETF东财,中证1-3年国债指数收益率,
520600.SH,港股通汽车ETF广发,中证港股通汽车产业主题指数收益率(使用估值汇率折算),931239.CSI
560380.SH,A100ETF南方,中证A100指数收益率,000903.SH
530180.SH,上证180ETF易方达,上证180指数收益率,
588750.SH,科创芯片ETF汇添富,上证科创板芯片指数收益率,
520500.SH,恒生创新药ETF华泰柏瑞,恒生创新药指数收益率(使用估值汇率折算),
588230.SH,科创200ETF华泰柏瑞,上证科创板200指数收益率,
159320.SZ,电网设备ETF广发,同期恒生A股电网设备指数收益率,
561380.SH,电网设备ETF国泰,恒生A股电网设备指数收益率,
588780.SH,科创芯片设计ETF国联安,上证科创板芯片设计主题指数,
159363.SZ,创业板人工智能ETF华宝,创业板人工智能指数收益率,
159355.SZ,800红利低波ETF华宝,中证800红利低波动指数收益率,931848.CSI
560810.SH,央企ESGETF融通,中证诚通央企ESG指数收益率,931243.CSI
159356.SZ,A500ETF万家,中证A500指数收益率,000510.SH
159358.SZ,中证A500ETF大成,中证A500指数,000510.SH
563500.SH,A500ETF华宝,中证A500指数收益率,000510.SH
512020.SH,A500ETF鹏华,中证A500指数收益率,000510.SH
159357.SZ,A500ETF博时,中证A500指数收益率,000510.SH
159360.SZ,A500ETF天弘,中证A500指数收益率,000510.SH
159362.SZ,A500ETF工银,中证A500指数收益率,000510.SH
159359.SZ,A500ETF华安,中证A500指数收益率,000510.SH
530050.SH,上证50ETF东财,上证50指数收益率,
563880.SH,A500ETF汇添富,中证A500指数收益率,000510.SH
159361.SZ,A500ETF易方达,中证A500指数收益率,000510.SH
563800.SH,A500ETF广发,中证A500指数收益率,000510.SH
512050.SH,A500ETF华夏,中证A500指数收益率,000510.SH
563520.SH,沪深300ETF永赢,沪深300指数收益率,000300.SH
159328.SZ,家电ETF易方达,中证家电龙头指数收益率,931021.CSI
588070.SH,科创成长ETF万家,上证科创板成长指数收益率,
159325.SZ,半导体ETF南方,中证半导体行业精选指数收益率,932066.CSI
562970.SH,光伏ETF易方达,中证光伏产业指数收益率,931151.CSI
530880.SH,红利国企ETF银河,上证国有企业红利指数收益率,
159590.SZ,软件ETF汇添富,中证全指软件指数收益率,h20202.CSI
159312.SZ,恒指港股通ETF广发,恒指港股通指数收益率(经估值汇率调整),
520520.SH,恒生消费ETF华泰柏瑞,恒生消费指数收益率(使用估值汇率折算),
513780.SH,港股创新药ETF景顺,中证港股通创新药指数收益率(使用估值汇率调整),931250.CSI
561570.SH,油气ETF华泰柏瑞,中证油气产业指数收益率,h20198.CSI
560510.SH,中证A500ETF泰康,中证A500指数收益率,000510.SH
560610.SH,A500ETF招商,中证A500指数收益率,000510.SH
159338.SZ,中证A500ETF国泰,中证A500指数收益率,000510.SH
159339.SZ,A500ETF银华,中证A500指数收益率,000510.SH
563220.SH,A500ETF富国,中证A500指数收益率,000510.SH
563360.SH,A500ETF华泰柏瑞,中证A500指数收益率,000510.SH
159352.SZ,A500ETF南方,中证A500指数,000510.SH
560530.SH,中证A500ETF摩根,中证A500指数收益率,000510.SH
159353.SZ,中证A500ETF景顺,中证A500指数收益率,000510.SH
159351.SZ,A500ETF嘉实,中证A500指数收益率,000510.SH
159305.SZ,储能电池ETF广发,国证新能源电池指数同期收益率,
520700.SH,港股通创新药ETF万家,中证港股通创新药指数收益率(经估值汇率调整),931250.CSI
560620.SH,公用事业ETF万家,中证全指公用事业指数收益率,000995.SH
561930.SH,沪深300ETF招商,沪深300指数收益率,000300.SH
530000.SH,上证50ETF天弘,上证50指数收益率,
520890.SH,港股通红利低波ETF华泰柏瑞,恒生港股通高股息低波动指数收益率(使用估值汇率折算),930914.CSI
159337.SZ,中证500ETF东财,中证500指数收益率,
159326.SZ,电网设备ETF华夏,中证电网设备主题指数收益率,931994.CSI
159302.SZ,港股高股息ETF银华,中证港股通高股息投资指数收益率(经估值汇率调整),930914.CSI
159335.SZ,央企科创ETF融通,中证诚通央企科技创新指数收益率,931132.CSI
159333.SZ,港股央企红利ETF万家,中证港股通央企红利指数收益率(经估值汇率调整),931233.CSI
159569.SZ,港股红利低波ETF景顺,国证港股通红利低波动率指数收益率(使用估值汇率折算),932596.CSI
159587.SZ,粮食ETF广发,国证粮食产业指数收益率,
588990.SH,科创芯片ETF博时,上证科创板芯片指数收益率,
588860.SH,科创医药ETF工银,上证科创板生物医药指数收益率,
159330.SZ,沪深300ETF东财,沪深300指数收益率,000300.SH
588830.SH,科创新能源ETF鹏华,上证科创板新能源指数收益率,
159327.SZ,半导体设备ETF万家,中证半导体材料设备主题指数收益率,950125.SH
159331.SZ,红利港股ETF国泰,中证港股通高股息投资指数收益率(经估值汇率调整),930914.CSI
159332.SZ,央企红利ETF富国,中证中央企业红利指数收益率,
159301.SZ,公用事业ETF华夏,中证全指公用事业指数收益率,000995.SH
159329.SZ,沙特ETF南方,经汇率调整后的标的富时沙特阿拉伯指数,
520830.SH,沙特ETF华泰柏瑞,富时沙特阿拉伯指数收益率(使用估值汇率折算),
159583.SZ,通信ETF富国,中证通信设备主题指数收益率,931271.CSI
588500.SH,科创100增强ETF易方达,上证科创板100指数收益率,
159800.SZ,中证800ETF鹏华,中证800指数收益率,
588680.SH,科创100增强ETF广发,上证科创板100指数收益率,
520990.SH,港股央企红利ETF景顺,中证国新港股通央企红利指数收益率(使用估值汇率折算),931722.CSI
520660.SH,港股通央企红利ETF南方,中证国新港股通央企红利指数(人民币中间价)收益率,931722.CSI
520900.SH,港股通红利ETF广发,中证国新港股通央企红利指数收益率(使用估值汇率折算),931722.CSI
159552.SZ,中证2000增强ETF招商,中证2000指数收益率,399303.SZ
159303.SZ,恒生医疗ETF大成,恒生医疗保健指数收益率,h20178.CSI
159318.SZ,恒指港股通ETF银华,恒指港股通指数收益率(经估值汇率调整),
560360.SH,软件ETF万家,中证软件服务指数收益率,
159558.SZ,半导体设备ETF易方达,中证半导体材料设备主题指数收益率,950125.SH
159322.SZ,黄金股ETF平安,中证沪深港黄金产业股票指数收益率,
159309.SZ,油气ETF汇添富,中证油气资源指数收益率,931248.CSI
159315.SZ,黄金股ETF工银,中证沪深港黄金产业股票指数收益率,
159578.SZ,深证主板50ETF南方,深证主板50指数收益率,399750.SZ
159542.SZ,工程机械ETF大成,中证工程机械主题指数收益率,931752.CSI
159533.SZ,中证2000ETF博时,中证2000指数收益率,399303.SZ
563090.SH,上证50增强ETF易方达,上证50指数收益率,
159588.SZ,石油ETF景顺,国证石油天然气指数收益率,
159300.SZ,沪深300ETF富国,沪深300指数收益率,000300.SH
563150.SH,油气ETF银华,中证油气资源指数收益率,931248.CSI
159321.SZ,黄金股ETF华安,中证沪深港黄金产业股票指数收益率,
159597.SZ,创业板成长ETF易方达,创业板成长指数收益率,
159557.SZ,恒生医疗ETF嘉实,经估值汇率调整后的恒生医疗保健指数收益率,
159525.SZ,红利低波ETF富国,中证红利低波动指数收益率,921345.CSI
159528.SZ,国企改革ETF富国,中证国有企业改革指数收益率,
562700.SH,汽车零部件ETF华夏,中证汽车零部件主题指数收益率,801093.SI
563180.SH,高股息ETF银华,中证高股息策略指数收益率,931053.CSI
588450.SH,科创50增强ETF招商,上证科创板50成份指数收益率,
510720.SH,红利国企ETF国泰,上证国有企业红利指数收益率,
159306.SZ,汽车零部件ETF平安,中证汽车零部件主题指数收益率,801093.SI
562340.SH,中证500成长ETF银华,中证500质量成长指数收益率*100%,930939.CSI
517400.SH,黄金股ETF国泰,中证沪深港黄金产业股票指数收益率,
513820.SH,港股通红利ETF汇添富,中证港股通高股息投资指数收益率(经估值汇率调整后),930914.CSI
510950.SH,上证50ETF广发,上证50指数收益率,
561760.SH,油气ETF博时,中证油气资源指数收益率,931248.CSI
562570.SH,信创ETF华夏,中证信息技术应用创新产业指数收益率,399170.SZ
159599.SZ,芯片ETF东财,中证芯片产业指数收益率,931729HKD00.CSI
159310.SZ,芯片ETF天弘,中证芯片产业指数收益率,931729HKD00.CSI
159526.SZ,机器人ETF嘉实,中证机器人指数收益率,
159307.SZ,红利低波100ETF博时,中证红利低波动100指数收益率,921345.CSI
588890.SH,科创芯片ETF南方,上证科创板芯片指数收益率,
562820.SH,集成电路ETF嘉实,中证全指集成电路指数收益率,
513210.SH,恒生ETF易方达,恒生指数收益率(使用估值汇率折算),
513170.SH,恒生央企ETF鹏华,恒生中国央企指数收益率(经汇率调整后),
159582.SZ,半导体ETF博时,中证半导体产业指数收益率,
560520.SH,红利低波100ETF大成,中证红利低波动100指数收益率,921345.CSI
159561.SZ,德国ETF嘉实,经估值汇率调整后的德国DAX指数收益率,
563280.SH,A50增强ETF富国,MSCI中国A50互联互通人民币指数收益率,133333.CSI
560850.SH,信创ETF汇添富,中证信息技术应用创新产业指数收益率,399170.SZ
560690.SH,电信ETF鹏华,中证电信主题指数收益率,
159545.SZ,恒生红利低波ETF易方达,恒生港股通高股息低波动指数收益率(使用估值汇率折算),930914.CSI
562560.SH,信息技术ETF华夏,中证全指信息技术指数收益率,000993.SH
159553.SZ,中证2000增强ETF海富通,中证2000指数收益率,399303.SZ
511130.SH,30年国债ETF博时,上证30年期国债指数收益率,
562580.SH,可选消费ETF华夏,中证全指可选消费指数收益率,000989.SH
560150.SH,红利低波ETF泰康,中证红利低波动指数收益率,921345.CSI
159589.SZ,红利ETF广发,中证红利指数收益率,000015.SH
562890.SH,A50ETF嘉实,中证A50指数收益率,
159596.SZ,A50ETF华宝,中证A50指数收益率,
159586.SZ,计算机ETF南方,中证全指计算机指数收益率,
159591.SZ,A50ETF富国,中证A50指数收益率,
563080.SH,中证A50ETF易方达,中证A50指数收益率,
159592.SZ,A50ETF银华,中证A50指数收益率,
563350.SH,A50ETF华泰柏瑞,中证A50指数收益率,
159581.SZ,红利ETF万家,中证红利指数收益率,000015.SH
159595.SZ,中证A50ETF大成,中证A50指数收益率,
561230.SH,中证A50ETF工银,中证A50指数收益率,
560350.SH,中证A50ETF摩根,中证A50指数收益率,
159593.SZ,中证A50ETF平安,中证A50指数收益率,
159568.SZ,港股互联网ETF博时,中证港股通互联网指数收益率(经汇率调整后),931637.CSI
159565.SZ,汽车零部件ETF易方达,中证汽车零部件主题指数收益率,801093.SI
513910.SH,港股通央企红利ETF华夏,中证港股通央企红利指数收益率(经估值汇率调整),931233.CSI
159577.SZ,美国50ETF汇添富,经人民币汇率调整的MSCI美国50指数收益率,
159563.SZ,创业板综ETF华夏,创业板综合指数收益率,399102.SZ
159566.SZ,储能电池ETF易方达,国证新能源电池指数收益率,
159547.SZ,红利低波ETF华夏,中证红利低波动指数收益率,921345.CSI
159529.SZ,标普消费ETF景顺,标普500消费精选指数收益率(使用估值汇率调整),
159527.SZ,云计算ETF广发,中证云计算与大数据主题指数收益率,
513400.SH,道琼斯ETF鹏华,道琼斯工业平均指数收益率(经汇率调整后),
159562.SZ,黄金股ETF华夏,中证沪深港黄金产业股票指数收益率,
159530.SZ,机器人ETF易方达,国证机器人产业指数收益率,
159567.SZ,港股创新药ETF银华,国证港股通创新药指数收益率(经估值汇率调整),931250.CSI
159570.SZ,港股通创新药ETF汇添富,国证港股通创新药指数收益率(经估值汇率调整后),931250.CSI
159556.SZ,中证2000增强ETF平安,中证2000指数收益率,399303.SZ
588700.SH,科创医药ETF嘉实,上证科创板生物医药指数收益率,
159502.SZ,标普生物科技ETF嘉实,经估值汇率调整后的标普生物科技精选行业指数收益率,
561200.SH,中证A100ETF工银,中证A100指数收益率,000903.SH
159576.SZ,深证100ETF广发,深证100指数收益率,399329.SZ
513920.SH,港股通央企红利ETF华安,恒生港股通中国央企红利指数收益率(经汇率调整),930644.CSI
159571.SZ,创业板200ETF富国,创业板中盘200指数收益率,
159575.SZ,创业板200ETF银华,创业板中盘200指数收益率,
159572.SZ,创业板200ETF易方达,创业板中盘200指数收益率,
159573.SZ,创业板200ETF华夏,创业板中盘200指数收益率,
511100.SH,国债ETF华夏,上证基准做市国债指数收益率,
588900.SH,科创100ETF南方,上证科创板100指数收益率,
562060.SH,标普A股红利ETF华宝,标普中国A股红利机会指数收益率,
563020.SH,红利低波ETF易方达,中证红利低波动指数收益率,921345.CSI
560300.SH,电信ETF汇添富,中证电信主题指数收益率,
560780.SH,半导体设备ETF广发,中证半导体材料设备主题指数收益率,950125.SH
159555.SZ,中证2000增强ETF银华,中证2000指数收益率,399303.SZ
159559.SZ,机器人ETF景顺,国证机器人产业指数收益率,
159350.SZ,深证50ETF富国,深证50指数收益率,
159150.SZ,深证50ETF易方达,深证50指数收益率,
159505.SZ,国证2000ETF博时,国证2000指数收益率,399303.SZ
159661.SZ,A100ETF嘉实,中证A100指数收益率,000903.SH
562600.SH,医疗器械ETF华夏,中证全指医疗器械指数收益率,931940.CSI
513630.SH,港股低波红利ETF摩根,标普港股通低波红利指数收益率,
159549.SZ,红利低波ETF天弘,中证红利低波动100指数收益率,921345.CSI
510980.SH,上证指数ETF汇添富,上证综合指数收益率,000008.SH
561010.SH,软件ETF华安,中证全指软件开发指数收益率,h20202.CSI
513350.SH,标普油气ETF富国,标普石油天然气勘探及生产精选行业指数收益率(经汇率调整后),
513730.SH,东南亚科技ETF华泰柏瑞,新交所泛东南亚科技指数收益率(使用估值汇率折算),
513750.SH,港股通非银ETF广发,中证港股通非银行金融主题指数收益率,931024.CSI
159543.SZ,国证2000ETF工银,国证2000指数收益率,399303.SZ
159560.SZ,芯片ETF景顺,中证芯片产业指数收益率,931729HKD00.CSI
588210.SH,科创100ETF易方达,上证科创板100指数收益率,
588800.SH,科创100ETF华夏,上证科创板100指数收益率,
588880.SH,科创100ETF华泰柏瑞,上证科创板100指数收益率,
159551.SZ,机器人ETF国泰,中证机器人指数收益率,
513850.SH,美国50ETF易方达,MSCI美国50指数收益率(使用估值汇率折算),133333.CSI
561780.SH,1000增强ETF博时,中证1000指数收益率,000852.SH
159518.SZ,标普油气ETF嘉实,经估值汇率调整后的标普石油天然气勘探及生产精选行业指数收益率,
563330.SH,A股ETF华泰柏瑞,中证A股指数收益率,000002.SH
513870.SH,纳指ETF富国,纳斯达克100指数收益率(经汇率调整后),
517520.SH,黄金股ETF永赢,中证沪深港黄金产业股票指数收益率,
561360.SH,石油ETF国泰,中证油气产业指数收益率,h20198.CSI
159520.SZ,消费龙头ETF工银,中证消费龙头指数收益率,931068.CSI
159541.SZ,创业板综ETF万家,创业板综合指数收益率,399102.SZ
560280.SH,工程机械ETF广发,中证工程机械主题指数收益率,931752.CSI
159546.SZ,集成电路ETF国泰,中证全指集成电路指数收益率,
562590.SH,半导体设备ETF华夏,中证半导体材料设备主题指数收益率,950125.SH
563200.SH,中证2000ETF富国,中证2000指数收益率,399303.SZ
560020.SH,红利ETF汇添富,中证红利指数收益率,000015.SH
562030.SH,信创ETF华宝,中证信息技术应用创新产业指数收益率,399170.SZ
513190.SH,港股通金融ETF华夏,经估值汇率调整后的中证港股通内地金融指数收益率,
159540.SZ,信创ETF易方达,国证信息技术创新主题指数收益率,399170.SZ
159537.SZ,信创ETF国泰,国证信息技术创新主题指数收益率,399170.SZ
159539.SZ,信创ETF广发,同期国证信息技术创新主题指数收益率,
159538.SZ,信创ETF富国,国证信息技术创新主题指数收益率,399170.SZ
159535.SZ,中证2000ETF嘉实,中证2000指数收益率,399303.SZ
159532.SZ,中证2000ETF易方达,中证2000指数收益率,399303.SZ
159536.SZ,中证2000ETF汇添富,中证2000指数收益率,399303.SZ
561370.SH,中证2000ETF国泰,中证2000指数收益率,399303.SZ
560220.SH,中证2000ETF广发,中证2000指数收益率,399303.SZ
159531.SZ,中证2000ETF南方,中证2000指数收益率,399303.SZ
588190.SH,科创100ETF银华,上证科创板100指数收益率,
588030.SH,科创100ETF博时,上证科创板100指数收益率,
588220.SH,科创100ETF鹏华,上证科创板100指数收益率,
588120.SH,科创100ETF国泰,上证科创板100指数收益率,
562660.SH,中证2000ETF华夏,中证2000指数收益率,399303.SZ
560260.SH,医疗ETF广发,中证医疗指数收益率,
561060.SH,国企红利ETF华安,中证国有企业红利指数收益率,
563300.SH,中证2000ETF华泰柏瑞,中证2000指数收益率,399303.SZ
159523.SZ,沪深300成长ETF华夏,中证智选300成长创新策略指数收益率,921382.CSI
560590.SH,中证1000增强ETF鹏华,中证1000指数收益率,000852.SH
561280.SH,中证1000增强ETF工银,中证1000指数收益率,000852.SH
159521.SZ,国证2000ETF平安,国证2000指数收益率,399303.SZ
159515.SZ,国企红利ETF鹏扬,中证国有企业红利指数收益率,
588110.SH,科创成长ETF广发,上证科创板成长指数收益率,
588020.SH,科创成长ETF易方达,上证科创板成长指数收益率,
159519.SZ,港股国企ETF国泰,中证香港内地国有企业指数收益率(经估值汇率调整),CES003.CSI
159517.SZ,中证800增强ETF银华,中证800指数收益率,
561980.SH,半导体设备ETF招商,中证半导体产业指数收益率,
513810.SH,港股国企ETF华夏,中证香港内地国有企业指数收益率(使用估值汇率折算),CES003.CSI
159696.SZ,纳指ETF易方达,纳斯达克100指数收益率(使用估值汇率折算),
159699.SZ,恒生消费ETF广发,人民币计价的恒生消费指数收益率,
159510.SZ,沪深300价值ETF华夏,中证智选300价值稳健策略指数收益率,921382.CSI
159511.SZ,通信ETF南方,中证通信服务指数收益率,801223.SI
561260.SH,能源ETF工银,中证国新央企现代能源指数收益率,931251.CSI
562850.SH,央企能源ETF嘉实,中证国新央企现代能源指数收益率,931251.CSI
561790.SH,央企能源ETF博时,中证国新央企现代能源指数收益率,931251.CSI
159698.SZ,粮食ETF鹏华,国证粮食产业指数收益率,
501201.SH,科创红土LOF,中国战略新兴产业成分指数收益率*50%+中证全债指数收益率*50%,
159509.SZ,纳指科技ETF景顺,纳斯达克科技市值加权指数收益率(使用估值汇率调整),
560950.SH,中证500增强ETF汇添富,中证500指数收益率,
159516.SZ,半导体设备ETF国泰,中证半导体材料设备主题指数收益率,950125.SH
159512.SZ,汽车ETF广发,中证全指汽车指数收益率,h21008.CSI
159513.SZ,纳斯达克100ETF大成,纳斯达克100指数收益率(经汇率调整),
159686.SZ,A100ETF易方达,中证A100指数收益率,000903.SH
563010.SH,电信ETF易方达,中证电信主题指数收益率,
159508.SZ,生物医药ETF华安,国证生物医药指数收益率,399441.SZ
562380.SH,央企科技ETF银华,中证国新央企科技引领指数收益率,931251.CSI
159673.SZ,沪深300ETF鹏华,沪深300指数收益率,000300.SH
159690.SZ,有色矿业ETF招商,中证有色金属矿业主题指数收益率,000819.SH
560170.SH,央企科技ETF南方,中证国新央企科技引领指数,931251.CSI
563050.SH,央企科技ETF易方达,中证国新央企科技引领指数收益率,931251.CSI
560030.SH,800价值ETF汇添富,中证800价值指数收益率,h20356.CSI
159506.SZ,港股通创新药医疗ETF富国,恒生港股通创新药及医疗保健指数收益率(使用估值汇率折算),931250.CSI
159507.SZ,通信ETF广发,国证通信指数收益率,
159501.SZ,纳指ETF嘉实,经估值汇率调整后的纳斯达克100指数收益率,
562920.SH,信息安全ETF易方达,中证信息安全主题指数收益率,399994.SZ
513040.SH,港股通互联网ETF易方达,中证港股通互联网指数收益率(使用估值汇率折算),931637.CSI
561960.SH,央企回报ETF招商,中证国新央企股东回报指数收益率,931251.CSI
560070.SH,央企红利ETF汇添富,中证国新央企股东回报指数收益率,931251.CSI
560700.SH,央企红利ETF广发,中证国新央企股东回报指数收益率,931251.CSI
562930.SH,软件ETF易方达,中证软件服务指数收益率,
511090.SH,30年国债ETF鹏扬,中债-30年期国债指数收益率,
561580.SH,央企红利ETF华泰柏瑞,中证中央企业红利指数收益率,
560330.SH,沪深300价值ETF申万菱信,沪深300价值指数收益率,399919.SZ
159692.SZ,证券ETF东财,中证证券公司30指数收益率,921412.CSI
560580.SH,电力ETF南方,中证全指电力公用事业指数收益率,
159695.SZ,通信ETF嘉实,国证通信指数收益率,
159622.SZ,创新药ETF东财,中证沪港深创新药产业指数收益率,
513950.SH,恒生红利ETF富国,恒生港股通高股息低波动指数,930914.CSI
513390.SH,纳指100ETF博时,纳斯达克100指数收益率(经估值汇率调整),
159697.SZ,石油ETF鹏华,国证石油天然气指数收益率,
159670.SZ,消费50ETF国联安,中证消费50指数收益率,000126.SH
560180.SH,沪深300ESGETF南方,沪深300ESG基准指数,000300.SH
513970.SH,恒生消费ETF景顺,恒生消费指数收益率(使用估值汇率折算),
159659.SZ,纳斯达克100ETF招商,纳斯达克100指数收益率(经汇率调整后),
501312.SH,海外科技LOF,经人民币汇率调整的纳斯达克100指数收益率*80%+恒生科技指数收益率*10%+中证综合债指数收益率*10%,
562330.SH,中证500价值ETF银华,中证500价值指数收益率,931587.CSI
562960.SH,绿色电力ETF易方达,中证绿色电力指数收益率,399438.SZ
159691.SZ,港股红利ETF工银,经汇率调整后的中证港股通高股息精选指数收益率,
159660.SZ,纳指ETF汇添富,经人民币汇率调整的纳斯达克100指数收益率,
501225.SH,全球芯片LOF,费城半导体指数收益率(PHLX Semiconductor Sector Index)(使用估值汇率调整)*75%+中证芯片产业指数收益率*15%+人民币活期存款利率(税后)*10%,
561950.SH,中证500增强ETF招商,中证500指数收益率,
159676.SZ,创业板增强ETF富国,创业板指数收益率,399006.SZ
159672.SZ,消费ETF博时,中证主要消费指数收益率,h01158.CSI
513650.SH,标普500ETF南方,标普500指数收益率(经汇率调整),
561920.SH,疫苗ETF招商,中证疫苗与生物技术指数收益率,
159685.SZ,1000增强ETF天弘,中证1000指数收益率,000852.SH
562550.SH,绿电ETF华夏,中证绿色电力指数收益率,399438.SZ
159653.SZ,ESG300ETF国联安,国证ESG300指数收益率,931891.CSI
159689.SZ,消费ETF南方,中证主要消费指数收益率,h01158.CSI
561170.SH,绿色电力ETF富国,中证绿色电力指数收益率,399438.SZ
513110.SH,纳指ETF华泰柏瑞,纳斯达克100指数收益率(使用估值汇率折算),
560090.SH,证券ETF汇添富,中证全指证券公司指数收益率,h20168.CSI
560860.SH,工业有色ETF万家,中证工业有色金属主题指数收益率,h01059.CSI
159657.SZ,疫苗ETF鹏华,国证疫苗与生物科技指数收益率,
563030.SH,中证500增强ETF易方达,中证500指数收益率,
159671.SZ,稀有金属ETF工银,中证稀有金属主题指数收益率,
562860.SH,疫苗ETF嘉实,中证疫苗与生物技术指数收益率,
159678.SZ,500增强ETF博时,中证500指数收益率,
159679.SZ,中证1000增强ETF国泰,中证1000指数收益率,000852.SH
513560.SH,香港科技ETF兴银,中证港股通科技指数收益率,931573.CSI
159688.SZ,恒生互联网ETF华安,恒生互联网科技业指数收益率(经汇率调整),
159652.SZ,有色ETF汇添富,中证细分有色金属产业主题指数收益率,000811.SH
159666.SZ,交通运输ETF华夏,中证全指运输指数收益率,h20171.CSI
562320.SH,沪深300价值ETF银华,沪深300价值指数收益率,399919.SZ
159669.SZ,绿色电力ETF国泰,国证绿色电力指数收益率,399438.SZ
159656.SZ,沪深300成长ETF万家,沪深300成长指数收益率,399918.SZ
588320.SH,双创50增强ETF广发,中证科创创业50指数收益率,931643.CSI
513140.SH,港股通金融ETF华泰柏瑞,中证港股通金融服务指数收益率(使用估值汇率折算),h20106.CSI
159682.SZ,创业板50ETF景顺,创业板50指数收益率,399673.SZ
159665.SZ,半导体龙头ETF工银,国证半导体芯片指数收益率,980001.CSI
561000.SH,沪深300增强ETF华安,沪深300指数收益率,000300.SH
159681.SZ,创业板50ETF鹏华,创业板50指数收益率,399673.SZ
159687.SZ,亚太精选ETF南方,经估值汇率调整的富时亚太低碳精选指数(FTSE Asia Pacific Low Carbon Select Index)收益率,
562010.SH,绿色能源ETF华宝,中证绿色能源指数收益率,931733.CSI
588460.SH,科创50增强ETF鹏华,上证科创板50成份指数收益率,
588370.SH,科创50增强ETF南方,上证科创板50成份指数收益率,
561320.SH,交运ETF国泰,中证内地运输主题指数收益率,000945.SH
159677.SZ,中证1000增强ETF银华,中证1000指数收益率,000852.SH
159675.SZ,创业板增强ETF嘉实,创业板指数收益率,399006.SZ
561590.SH,中证1000增强ETF华泰柏瑞,中证1000指数收益率,000852.SH
159662.SZ,交运ETF南方,国证交通运输行业指数收益率,932122.CSI
159680.SZ,中证1000增强ETF招商,中证1000指数收益率,000852.SH
560980.SH,光伏龙头ETF广发,中证光伏龙头30指数收益率,931798.CSI
159627.SZ,A100ETF华夏,中证A100指数收益率,000903.SH
561180.SH,A100ETF富国,中证A100指数收益率,000903.SH
513310.SH,中韩半导体ETF华泰柏瑞,中证韩交所中韩半导体指数收益率,
501222.SH,如意招享FOF,中证债券型基金指数收益率*80%+中证偏股型基金指数收益率*15%+活期存款利率(税后)*5%,
588350.SH,科创创业50ETF鹏扬,中证科创创业50指数收益率,931643.CSI
159630.SZ,A100ETF汇添富,中证A100指数收益率,000903.SH
561330.SH,矿业ETF国泰,中证有色金属矿业主题指数收益率,000819.SH
560680.SH,消费ETF广发,中证主要消费指数,h01158.CSI
159667.SZ,工业母机ETF国泰,中证机床指数收益率,
159663.SZ,机床ETF华夏,中证机床指数收益率,
159655.SZ,标普500ETF华夏,经估值汇率调整后的标普500指数收益率,
588290.SH,科创芯片ETF华安,上证科创板芯片指数收益率,
588010.SH,科创新材料ETF博时,上证科创板新材料指数收益率,
588160.SH,科创新材料ETF南方,上证科创板新材料指数收益率,
588200.SH,科创芯片ETF嘉实,上证科创板芯片指数收益率,
159658.SZ,数字经济ETF华安,中证数字经济主题指数收益率,399262.SZ
560080.SH,中药ETF汇添富,中证中药指数收益率,
159645.SZ,疫苗ETF富国,国证疫苗与生物科技指数,
511580.SH,国债政金债ETF招商,中证国债及政策性金融债0-3年指数收益率,
562310.SH,沪深300成长ETF银华,沪深300成长指数收益率,399918.SZ
159651.SZ,国开债ETF平安,中债-0-3年国开行债券指数收益率,
513260.SH,恒生科技ETF汇添富,经人民币汇率调整的恒生科技指数收益率,
159621.SZ,ESGETF国泰,MSCI中国A股人民币ESG通用指数(MSCI China A RMB ESG Universal Index)收益率,133333.CSI
159650.SZ,国开债ETF博时,中债-0-3年国开行债券指数收益率,
159637.SZ,新能源车ETF东财,中证新能源汽车指数收益率,
511520.SH,政金债ETF富国,中债7-10年政策性金融债指数收益率,
159631.SZ,A100ETF招商,中证A100指数收益率,000903.SH
513290.SH,纳指生物科技ETF汇添富,经人民币汇率调整的纳斯达克生物科技指数收益率,
159623.SZ,成渝经济圈ETF博时,中证成渝地区双城经济圈成份指数收益率,
159643.SZ,疫苗ETF国泰,国证疫苗与生物科技指数收益率,
159649.SZ,国开债ETF华安,中债-1-5年国开行债券指数收益率,
159638.SZ,高端装备ETF嘉实,中证高端装备细分50指数收益率,000097.SH
560110.SH,中证1000ETF汇添富,中证1000指数收益率,000852.SH
560010.SH,中证1000ETF广发,中证1000指数收益率,000852.SH
159633.SZ,中证1000ETF易方达,中证1000指数收益率,000852.SH
562530.SH,中证1000价值ETF华夏,中证智选1000价值稳健策略指数收益率,932259.CSI
159629.SZ,中证1000ETF富国,中证1000指数收益率,000852.SH
561510.SH,中药ETF华泰柏瑞,中证中药指数收益率,
562000.SH,A100ETF华宝,中证A100指数收益率,000903.SH
159632.SZ,纳斯达克ETF华安,纳斯达克100指数收益率(经汇率调整),
159616.SZ,农牧ETF建信,中证农牧主题指数收益率,931778.CSI
562390.SH,中药ETF银华,中证中药指数收益率,
159647.SZ,中药ETF鹏华,中证中药指数收益率,
501220.SH,行业轮动FOF,沪深300指数收益率*80%+中证综合债指数收益率*20%,000300.SH
159620.SZ,中证500成长ETF华夏,中证智选500成长创新策略指数收益率,
159641.SZ,碳中和ETF招商,中证上海环交所碳中和指数收益率,
560060.SH,碳中和ETF汇添富,中证上海环交所碳中和指数收益率,
159640.SZ,碳中和龙头ETF工银,中证上海环交所碳中和指数收益率,
159642.SZ,碳中和ETF大成,中证上海环交所碳中和指数收益率,
562990.SH,碳中和ETF易方达,中证上海环交所碳中和指数收益率,
159639.SZ,碳中和ETF南方,中证上海环交所碳中和指数收益率,
561190.SH,碳中和ETF富国,中证上海环交所碳中和指数收益率,
560550.SH,碳中和ETF广发,中证上海环交所碳中和指数收益率,
513280.SH,恒生生物科技ETF汇添富,经人民币汇率调整的恒生生物科技指数收益率,
513220.SH,中概互联ETF招商,中证全球中国互联网指数(人民币)收益率,930796.CSI
561700.SH,电力ETF博时,中证全指电力公用事业指数收益率,
513120.SH,港股创新药ETF广发,中证香港创新药指数收益率(人民币计价),
562350.SH,电力ETF银华,中证全指电力公用事业指数收益率,
159636.SZ,港股通科技30ETF工银,国证港股通科技指数收益率(经汇率调整后),931573.CSI
561160.SH,电池ETF富国,中证电池主题指数收益率,
159628.SZ,国证2000ETF万家,国证2000指数收益率,399303.SZ
159635.SZ,基建ETF华夏,中证基建指数收益率,
159615.SZ,恒生生物科技ETF南方,恒生生物科技指数收益率(经估值汇率调整),931669.CSI
159609.SZ,光伏ETF浦银,中证光伏产业指数收益率,931151.CSI
560650.SH,核心50ETF民生加银,中证企业核心竞争力50指数收益率,921526.CSI
560990.SH,科技先锋ETF中金,中证科技先锋指数收益率,921447.CSI
159617.SZ,中证500价值ETF华夏,中证智选500价值稳健策略指数收益率,
162721.SZ,广发积极FOF-LOF,中证800指数收益率*70%+中债-综合全价(总值)指数收益率*25%+人民币计价的恒生指数收益率*5%,
159603.SZ,科创创业ETF天弘,中证科创创业50指数收益率,931643.CSI
560900.SH,创新药ETF摩根,中证创新药产业指数收益率,
588260.SH,科创信息ETF华安,上证科创板新一代信息技术指数收益率,
588100.SH,科创信息ETF嘉实,上证科创板新一代信息技术指数收益率,
517990.SH,沪港深医药ETF招商,中证沪港深500医药卫生指数(人民币)收益率,h20455.CSI
159612.SZ,标普500ETF国泰,标普500指数收益率(经估值汇率调整),
159798.SZ,消费ETF易方达,中证消费50指数收益率,000126.SH
159797.SZ,医疗器械ETF汇添富,中证全指医疗器械指数收益率,931940.CSI
517850.SH,张江ETF汇添富,中证沪港深张江自主创新50指数收益率,
513380.SH,恒生科技ETF广发,人民币计价的恒生科技指数收益率,
561560.SH,电力ETF华泰柏瑞,中证全指电力公用事业指数收益率,
159625.SZ,绿色电力ETF嘉实,国证绿色电力指数收益率,399438.SZ
513530.SH,港股通红利ETF华泰柏瑞,中证港股通高股息投资指数收益率,930914.CSI
159618.SZ,光伏ETF华安,中证光伏产业指数收益率,931151.CSI
501217.SH,行业配置FOF,沪深300指数收益率*90%+恒生指数收益率(使用估值汇率折算)*5%+中债综合(全价)指数收益率*5%,000300.SH
560880.SH,家电ETF广发,中证全指家用电器指数同期收益率,
161133.SZ,优势回报FOF-LOF,中证800指数收益率*75%+中债新综合指数(财富)收益率*25%,
159831.SZ,金ETF嘉实,上海黄金交易所上海金集中定价合约(合约代码:SHAU)的午盘基准价格收益率,
517900.SH,银行AH优选ETF招商,中证银行AH价格优选指数(人民币)收益率,931039.CSI
513070.SH,港股通消费ETF易方达,中证港股通消费主题指数收益率(使用估值汇率折算),921454.CSI
562520.SH,中证1000成长ETF华夏,中证智选1000成长创新策略指数收益率,932259.CSI
159776.SZ,港股医药ETF银华,中证港股通医药卫生综合指数收益率(经估值汇率调整),930965.CSI
159787.SZ,建材ETF易方达,中证全指建筑材料指数收益率,h21009.CSI
159796.SZ,电池ETF汇添富,中证电池主题指数收益率,
159834.SZ,金ETF南方,上海黄金交易所上海金集中定价合约(合约代码:SHAU)午盘基准价格收益率,
513320.SH,港股通新经济ETF易方达,恒生港股通新经济指数收益率(使用估值汇率折算),
159791.SZ,300ESGETF华夏,沪深300ESG基准指数收益率,000300.SH
159788.SZ,港股通100ETF易方达,中证港股通中国100指数收益率(使用估值汇率折算),930957.CSI
159619.SZ,基建ETF国泰,中证基建指数收益率,
513770.SH,港股互联网ETF华宝,中证港股通互联网指数收益率,931637.CSI
159768.SZ,房地产ETF银华,中证内地地产主题指数收益率,000948.SH
159795.SZ,智能汽车ETF汇添富,中证智能汽车主题指数收益率,399432.SZ
159750.SZ,港股科技50ETF招商,中证香港科技指数收益率(经汇率调整后),
560100.SH,中证500增强ETF南方,中证500指数收益率,
561120.SH,家电ETF富国,中证全指家用电器指数收益率,
513150.SH,港股通科技ETF华泰柏瑞,中证港股通科技指数收益率(使用估值汇率折算),931573.CSI
159778.SZ,工业互联网ETF鹏华,中证工业互联网主题指数收益率,921495.CSI
517550.SH,沪港深消费龙头ETF招商,中证沪港深消费龙头指数(人民币)收益率,
561100.SH,消费电子ETF富国,中证消费电子主题指数收益率,801085.SI
513020.SH,港股科技ETF国泰,中证港股通科技指数(经估值汇率调整)收益率,931573.CSI
513200.SH,港股通医药ETF易方达,中证港股通医药卫生综合指数收益率(使用估值汇率折算),930965.CSI
159613.SZ,信息安全ETF嘉实,中证信息安全主题指数收益率,399994.SZ
159738.SZ,云计算ETF华泰柏瑞,中证沪港深云计算产业指数收益率,
513160.SH,港股科技ETF银华,恒生港股通中国科技指数收益率(经估值汇率调整),930644.CSI
513230.SH,港股通消费ETF华夏,经估值汇率调整后的中证港股通消费主题指数收益率,
562950.SH,消费电子ETF易方达,中证消费电子主题指数收益率,801085.SI
159775.SZ,电池ETF建信,国证新能源车电池指数收益率,399417.SZ
516530.SH,物流ETF银华,中证现代物流指数收益率,
160326.SZ,优选配置FOF-LOF,沪深300指数收益率*90%+恒生指数收益率(使用估值汇率折算)*5%+中债综合(全价)指数收益率*5%,000300.SH
159611.SZ,电力ETF广发,中证全指电力公用事业指数收益率,
159743.SZ,湖北ETF博时,中证湖北新旧动能转换指数收益率,
159728.SZ,在线消费ETF南方,国证在线消费指数收益率,399361.SZ
562910.SH,高端制造ETF易方达,中证装备产业指数收益率,h01054.CSI
516810.SH,农业ETF华夏,中证农业主题指数收益率,
560800.SH,数字经济ETF鹏扬,中证数字经济主题指数收益率,399262.SZ
562510.SH,旅游ETF华夏,中证旅游主题指数收益率,
159758.SZ,红利质量ETF华夏,中证红利质量指数收益率,950258.SH
562300.SH,碳中和ETF银华,中证内地低碳经济主题指数收益率,399977.SZ
513890.SH,恒生科技ETF摩根,恒生科技指数(HSTECH)收益率(经估值汇率调整),
159606.SZ,中证500成长ETF易方达,中证500质量成长指数收益率,930939.CSI
517180.SH,中国国企ETF南方,富时中国国企开放共赢指数收益率,
517090.SH,央企共赢ETF国泰,富时中国国企开放共赢指数收益率,
562500.SH,机器人ETF华夏,中证机器人指数收益率,
159719.SZ,国企ETF平安,富时中国国企开放共赢指数收益率,
159711.SZ,港股通50ETF华夏,中证港股通50指数收益率(估值汇率调整),930931.CSI
501216.SH,富国行业精选FOF,中证800指数收益率*75%+中债综合全价指数收益率*20%+恒生指数收益率(使用估值汇率折算)*5%,
159718.SZ,港股医药ETF平安,中证港股通医药卫生综合指数收益率(经汇率调整),930965.CSI
159701.SZ,物联网ETF招商,中证物联网主题指数收益率,
501219.SH,智胜先锋LOF,中证500指数收益率*95%+银行活期存款利率(税后)*5%,
159608.SZ,稀有金属ETF广发,中证稀有金属主题指数收益率,
516350.SH,芯片ETF易方达,中证芯片产业指数收益率,931729HKD00.CSI
159730.SZ,家电ETF博时,国证龙头家电指数收益率,
159610.SZ,中证500增强ETF景顺,中证500指数收益率,
517390.SH,云计算ETF天弘,中证沪港深云计算产业指数收益率,
159751.SZ,港股通科技ETF鹏华,中证港股通科技指数收益率,931573.CSI
588150.SH,科创50ETF南方,上证科创板50成份指数收益率,
159706.SZ,深证100ETF华安,深证100指数收益率,399329.SZ
501211.SH,民生加银优享FOF,中债综合指数收益率*65%+沪深300指数收益率*25%+恒生综合指数收益率(经汇率估值调整)*5%+1年期定期存款收益率(税后)*5%,
159760.SZ,医疗健康ETF泰康,国证公共卫生与医疗健康指数收益率,921513.CSI
562900.SH,农业ETF易方达,中证现代农业主题指数收益率,
561550.SH,中证500增强ETF华泰柏瑞,中证500指数收益率,
159731.SZ,石化ETF华夏,中证石化产业指数收益率,h01057.CSI
561990.SH,沪深300增强ETF招商,沪深300指数收益率,000300.SH
561300.SH,沪深300增强ETF国泰,沪深300指数收益率,000300.SH
517330.SH,长江保护ETF易方达,中证长江保护主题指数收益率,931554.CSI
517160.SH,长江保护ETF南方,中证长江保护主题指数收益率,931554.CSI
517770.SH,游戏传媒ETF浦银,中证沪港深游戏及文化传媒指数收益率,
159605.SZ,中概互联ETF广发,人民币计价的中证海外中国互联网30指数收益率,
159761.SZ,新材料ETF国泰,中证新材料主题指数收益率,
159748.SZ,创新药ETF富国,中证沪港深创新药产业指数收益率,
501218.SH,工银睿智进取FOF,中证800指数收益率*90%+中债-新综合财富(总值)指数收益率*10%,
159607.SZ,中概互联网ETF嘉实,中证海外中国互联网30指数收益率(经估值汇率调整),930735.CSI
588310.SH,科创创业ETF方正富邦,中证科创创业50指数收益率,931643.CSI
159779.SZ,消费电子ETF招商,中证消费电子主题指数收益率,801085.SI
517880.SH,品牌消费ETF华泰柏瑞,中证沪港深品牌消费50指数收益率,
159896.SZ,物联网ETF南方,中证物联网主题指数收益率,
501215.SH,积极配置FOF,中证偏股型基金指数收益率*70%+MSCI世界指数(MSCI World Index)收益率(使用估值汇率折算)*15%+中债综合(全价)指数收益率*10%+上海黄金交易所Au99.99现货实盘合约收盘价收益率*5%,
159726.SZ,港股通高股息ETF华夏,经估值汇率调整后的恒生港股通中国内地企业高股息率指数收益率,
561310.SH,消电ETF国泰,中证消费电子主题指数收益率,801085.SI
501210.SH,交银智选星光FOF,中证偏股型基金指数收益率*90%+中债综合全价指数收益率*10%,
501213.SH,中欧汇选FOF,中证偏股型基金指数收益率*80%+银行活期存款利率(税后)*20%,
159793.SZ,线上消费ETF平安,中证沪港深线上消费主题指数收益率,
159707.SZ,地产ETF华宝,中证800地产指数收益率,399965.SZ
516730.SH,证券ETF浦银,中证证券公司30指数收益率,921412.CSI
159739.SZ,云计算ETF鹏华,中证云计算与大数据主题指数收益率,
501212.SH,广发优选配置FOF,中债-综合全价(总值)指数收益率*50%+中证800指数收益率*45%+人民币计价的恒生指数收益率*5%,
159601.SZ,A50ETF华夏,MSCI中国A50互联互通人民币指数收益率,133333.CSI
159602.SZ,中国A50ETF南方,MSCI中国A50互联互通指数(人民币)收益率,133333.CSI
560050.SH,中国A50ETF汇添富,MSCI中国A50互联互通人民币指数收益率,133333.CSI
563000.SH,中国A50ETF易方达,MSCI中国A50互联互通人民币指数收益率,133333.CSI
516750.SH,建材ETF富国,中证全指建筑材料指数收益率,h21009.CSI
159712.SZ,港股通50ETF国泰,中证港股通50指数收益率,930931.CSI
159862.SZ,食品饮料ETF银华,中证细分食品饮料产业主题指数收益率,000815.SH
159770.SZ,机器人ETF天弘,中证机器人指数收益率,
159877.SZ,医疗ETF南方,中证全指医疗保健设备与服务指数收益率,h20178.CSI
516620.SH,影视ETF国泰,中证影视主题指数收益率,
159895.SZ,物联网ETF易方达,中证物联网主题指数收益率,
517660.SH,物联网ETF天弘,中证沪港深物联网主题指数收益率,
588280.SH,科创50ETF华安,上证科创板50成份指数收益率,
159892.SZ,恒生医药ETF华夏,恒生生物科技指数收益率(使用估值汇率折算),931669.CSI
516130.SH,消费龙头ETF华宝,中证消费龙头指数收益率,931068.CSI
159777.SZ,创科技ETF国联安,创业板科技指数收益率,
159723.SZ,科技龙头ETF汇添富,中证沪港深科技龙头指数收益率,931655.CSI
561130.SH,国货ETF富国,中证新华社民族品牌工程指数收益率,
516860.SH,金融科技ETF博时,中证金融科技主题指数收益率,399699.SZ
159773.SZ,创业板科技ETF华泰柏瑞,创业板科技指数收益率,
562360.SH,机器人ETF银华,中证机器人指数收益率,
560000.SH,智能电车ETF浦银,中证智能电动汽车指数收益率,
510770.SH,G60创新ETF申万菱信,上证G60战略新兴产业成份指数收益率,
517030.SH,沪港深300ETF易方达,中证沪港深300指数收益率,921395.CSI
562800.SH,稀有金属ETF嘉实,中证稀有金属主题指数收益率,
159717.SZ,ESGETF鹏华,国证ESG300指数收益率,931891.CSI
159792.SZ,港股通互联网ETF富国,中证港股通互联网指数收益率,931637.CSI
159736.SZ,食品饮料ETF天弘,中证食品饮料指数收益率,399131.SZ
516190.SH,传媒ETF华夏,中证文娱传媒指数收益率,h20365.CSI
516560.SH,养老ETF华宝,中证养老产业指数收益率,399812.SZ
517110.SH,创新药ETF国泰,中证沪港深创新药产业指数收益率,
516210.SH,银行ETF华安,中证银行指数收益率,h20180.CSI
501209.SH,富久食品饮料LOF,中证食品饮料指数收益率*80%+中证港股通综合指数(人民币)收益率*10%+商业银行人民币活期存款利率(税后)*10%,399131.SZ
159889.SZ,智能汽车ETF国泰,中证智能汽车主题指数收益率,399432.SZ
506008.SH,科创板长城,中国战略新兴产业成份指数收益率*65%+中债总指数收益率*25%+中证港股通综合指数收益率(使用估值汇率折算)*10%,
159715.SZ,稀土ETF易方达,中证稀土产业指数收益率,930598.CSI
561600.SH,消费电子ETF平安,中证消费电子主题指数收益率,801085.SI
560560.SH,碳中和ETF泰康,中证内地低碳经济主题指数收益率,399977.SZ
516630.SH,云计算ETF华夏,中证云计算与大数据主题指数收益率,
516640.SH,芯片ETF富国,中证芯片产业指数收益率,931729HKD00.CSI
159763.SZ,新材料ETF建信,中证新材料主题指数收益率,
588390.SH,科创创业ETF博时,中证科创创业50指数收益率,931643.CSI
561350.SH,中证500ETF国泰,中证500指数收益率,
159732.SZ,消费电子ETF华夏,国证消费电子主题指数收益率,801085.SI
516790.SH,医疗ETF华泰柏瑞,中证全指医疗保健设备与服务指数收益率,h20178.CSI
561800.SH,稀有金属ETF华富,中证稀有金属主题指数收益率,
516290.SH,光伏ETF汇添富,中证光伏产业指数收益率,931151.CSI
159875.SZ,新能源ETF嘉实,中证新能源指数收益率,
159767.SZ,电池龙头ETF兴银,国证新能源车电池指数收益率,399417.SZ
159713.SZ,稀土ETF富国,中证稀土产业指数收益率,930598.CSI
560660.SH,云计算50ETF新华,中证云计算50指数收益率,921469.CSI
516930.SH,生物科技ETF民生加银,中证生物科技主题指数收益率,932245.CSI
159840.SZ,锂电池ETF工银,国证新能源车电池指数收益率,399417.SZ
561910.SH,电池ETF招商,中证电池主题指数收益率,
560500.SH,500质量成长ETF鹏扬,中证500质量成长指数收益率,930939.CSI
516710.SH,新材料ETF华夏,中证新材料主题指数收益率,
517800.SH,人工智能50ETF方正富邦,中证沪港深人工智能50指数收益率,
513590.SH,港股通消费ETF鹏华,中证港股通消费主题指数收益率,921454.CSI
517010.SH,沪港深500ETF易方达,中证沪港深500指数收益率,h20455.CSI
159790.SZ,碳中和ETF华夏,中证内地低碳经济主题指数收益率,399977.SZ
159786.SZ,VRETF银华,中证虚拟现实主题指数收益率,
159864.SZ,光伏ETF国泰,中证光伏产业指数收益率,931151.CSI
517380.SH,创新药ETF天弘,恒生沪深港创新药精选50指数收益率,
516920.SH,芯片ETF汇添富,中证芯片产业指数收益率,931729HKD00.CSI
516260.SH,物联网ETF华夏,中证物联网主题指数收益率,
516720.SH,ESGETF浦银,中证ESG120策略指数收益率,921476.CSI
159838.SZ,医药50ETF博时,中证医药50指数收益率,399647.SZ
159757.SZ,电池ETF景顺,国证新能源车电池指数收益率,399417.SZ
159752.SZ,新能源ETF申万菱信,中证内地新能源主题指数收益率,
588060.SH,科创50ETF广发,上证科创板50成份指数收益率,
159766.SZ,旅游ETF富国,中证旅游主题指数收益率,
516580.SH,新能源ETF博时,中证新能源指数收益率,
513700.SH,港股通医药ETF鹏华,中证港股通医药卫生综合指数收益率,930965.CSI
516100.SH,金融科技ETF华夏,中证金融科技主题指数收益率,399699.SZ
562880.SH,电池ETF嘉实,中证电池主题指数收益率,
516270.SH,新能源ETF华安,中证内地新能源主题指数收益率,
516890.SH,新材料ETF平安,中证新材料主题指数收益率,
159729.SZ,互联网ETF汇添富,中证沪港深互联网指数收益率,
517120.SH,创新药ETF华泰柏瑞,中证沪港深创新药产业指数收益率,
159847.SZ,医疗ETF易方达,中证医疗指数收益率,
159720.SZ,智能车ETF泰康,中证智能电动汽车指数收益率,
159830.SZ,金ETF天弘,上海黄金交易所上海金集中定价合约午盘基准价收益率,
561900.SH,沪深300ESGETF招商,沪深300ESG基准指数收益率,000300.SH
159747.SZ,香港科技ETF南方,经估值汇率调整的中证香港科技指数收益率,
588380.SH,科创创业ETF富国,中证科创创业50指数收益率,931643.CSI
588360.SH,科创创业ETF国泰,中证科创创业50指数收益率,931643.CSI
159782.SZ,双创50ETF银华,中证科创创业50指数收益率,931643.CSI
588330.SH,双创50ETF华宝,中证科创创业50指数收益率,931643.CSI
159781.SZ,科创创业ETF易方达,中证科创创业50指数收益率,931643.CSI
588400.SH,科创创业ETF嘉实,中证科创创业50指数收益率,931643.CSI
588300.SH,科创创业50ETF招商,中证科创创业50指数收益率,931643.CSI
159783.SZ,科创创业50ETF华夏,中证科创创业50指数收益率,931643.CSI
516830.SH,沪深300ESGETF富国,沪深300ESG基准指数收益率,000300.SH
159780.SZ,科创创业50ETF南方,中证科创创业50指数收益率,931643.CSI
588180.SH,科创50ETF国联安,上证科创板50成份指数收益率,
159859.SZ,生物医药ETF天弘,国证生物医药指数收益率,399441.SZ
516970.SH,基建ETF广发,中证基建工程指数收益率,399995.SZ
513980.SH,港股科技ETF景顺,中证港股通科技指数收益率(使用估值汇率折算),931573.CSI
159709.SZ,物联网ETF工银,深证物联网50指数收益率,399285.SZ
159716.SZ,深证100ETF华宝,深证100指数收益率,399329.SZ
517360.SH,沪港深科技ETF华安,中证沪港深科技100指数收益率,931655.CSI
159899.SZ,软件ETF招商,中证全指软件指数收益率,h20202.CSI
159708.SZ,红利ETF西部利得,深证红利指数收益率,000015.SH
510990.SH,180ESGETF工银,中证180ESG指数收益率,931088.CSI
513860.SH,港股通科技ETF海富通,中证港股通科技指数收益率,931573.CSI
159881.SZ,有色金属ETF国泰,中证有色金属指数收益率,000819.SH
159721.SZ,深证100ETF永赢,深证100指数收益率,399329.SZ
561500.SH,漂亮50ETF华泰柏瑞,中证企业核心竞争力50指数收益率,921526.CSI
159872.SZ,智能网联汽车ETF鹏华,中证车联网主题指数收益率,
159755.SZ,电池ETF广发,国证新能源车电池指数收益率,399417.SZ
516980.SH,证券先锋ETF华富,中证证券公司先锋策略指数收益率,399975.SZ
159725.SZ,线上消费ETF工银,中证线上消费主题指数收益率,921480.CSI
516650.SH,有色金属ETF华夏,中证细分有色金属产业主题指数收益率,000811.SH
516570.SH,化工行业ETF易方达,中证石化产业指数收益率,h01057.CSI
516820.SH,医疗创新ETF平安,中证医药及医疗器械创新指数收益率,
159745.SZ,建材ETF国泰,中证全指建筑材料指数收益率,h21009.CSI
513360.SH,教育ETF博时,中证全球中国教育主题指数(人民币)收益率,930796.CSI
516380.SH,智能电动车ETF华宝,中证智能电动汽车指数收益率,
516910.SH,物流ETF富国,中证现代物流指数收益率,
516390.SH,新能源车ETF汇添富,中证新能源汽车产业指数收益率,
516320.SH,高端装备ETF华夏,中证装备产业指数收益率,h01054.CSI
159898.SZ,医疗器械ETF招商,中证全指医疗器械指数收益率,931940.CSI
159891.SZ,医疗ETF建信,中证全指医疗保健设备与服务指数收益率,h20178.CSI
159703.SZ,新材料ETF天弘,中证新材料主题指数收益率,
159741.SZ,恒生科技ETF嘉实,恒生科技指数收益率(使用估值汇率折算),
159735.SZ,港股消费ETF银华,中证港股通消费主题指数收益率,921454.CSI
513130.SH,恒生科技ETF华泰柏瑞,恒生科技指数收益率(使用估值汇率折算),
517350.SH,沪港深科技ETF广发,中证沪港深科技龙头指数收益率,931655.CSI
513580.SH,恒生科技ETF华安,恒生科技指数收益率(经汇率调整后),
516310.SH,银行ETF易方达,中证银行指数收益率,h20180.CSI
513010.SH,恒生科技ETF易方达,恒生科技指数收益率(使用估值汇率折算),
159740.SZ,恒生科技ETF大成,恒生科技指数收益率,
513180.SH,恒生科技ETF华夏,恒生科技指数收益率(使用估值汇率折算),
159742.SZ,恒生科技ETF博时,恒生科技指数收益率(经汇率调整后),
159888.SZ,智能汽车ETF华夏,中证智能汽车主题指数收益率,399432.SZ
159887.SZ,银行ETF富国,中证800银行指数收益率,h20022.CSI
159836.SZ,创业板300ETF天弘,创业板300指数收益率,
513690.SH,港股红利ETF博时,恒生港股通高股息率指数收益率(经估值汇率调整后),930914.CSI
516700.SH,大数据ETF华宝,中证大数据产业指数收益率,
516360.SH,新材料ETF华宝,中证新材料主题指数收益率,
516610.SH,医疗设备ETF大成,中证全指医疗保健设备与服务指数收益率,h20178.CSI
516590.SH,智能汽车ETF易方达,中证智能电动汽车指数收益率,
516950.SH,基建ETF银华,中证基建指数收益率,
159883.SZ,医疗器械ETF永赢,中证全指医疗器械指数收益率,931940.CSI
516900.SH,食品饮料ETF华安,中证申万食品饮料指数收益率,
159886.SZ,机械ETF富国,中证细分机械设备产业主题指数收益率,000812.SH
516070.SH,低碳ETF易方达,中证内地低碳经济主题指数收益率,399977.SZ
516960.SH,机械ETF国泰,中证细分机械设备产业主题指数收益率,000812.SH
516110.SH,汽车ETF国泰,中证800汽车与零部件指数收益率,h20015.CSI
517170.SH,沪港深500ETF华夏,中证沪港深500指数收益率,h20455.CSI
159885.SZ,碳中和ETF鹏华,中证内地低碳经济主题指数收益率,399977.SZ
516330.SH,物联网ETF华泰柏瑞,中证物联网主题指数收益率,
516550.SH,农业ETF嘉实,中证大农业指数收益率,
516510.SH,云计算ETF易方达,中证云计算与大数据主题指数收益率,
159890.SZ,云计算ETF招商,中证云计算与大数据主题指数收益率,
159866.SZ,日经ETF工银,日经225指数收益率(经汇率调整后),
159861.SZ,碳中和50ETF国泰,中证环保产业50指数收益率,
516670.SH,畜牧养殖ETF招商,中证畜牧养殖指数收益率,931946.CSI
159845.SZ,中证1000ETF华夏,中证1000指数收益率,000852.SH
513060.SH,恒生医疗ETF博时,恒生医疗保健指数收益率(经汇率调整后),h20178.CSI
159873.SZ,医疗设备ETF天弘,中证全指医疗保健设备与服务指数收益率,h20178.CSI
516300.SH,中证1000ETF华泰柏瑞,中证1000指数收益率,000852.SH
159876.SZ,有色ETF华宝,中证有色金属指数收益率,000819.SH
159858.SZ,创新药ETF南方,中证创新药产业指数收益率,
516090.SH,新能源ETF易方达,中证新能源指数收益率,
159835.SZ,创新药ETF建信,中证创新药产业指数收益率,
159871.SZ,有色ETF银华,中证有色金属指数收益率,000819.SH
516850.SH,新能源ETF华夏,中证新能源指数收益率,
516200.SH,证券ETF华安,中证全指证券公司指数收益率,h20168.CSI
516150.SH,稀土ETF嘉实,中证稀土产业指数收益率,930598.CSI
159880.SZ,有色ETF鹏华,国证有色金属行业指数收益率,932112.CSI
516500.SH,生物科技ETF华夏,中证生物科技主题指数收益率,932245.CSI
159851.SZ,金融科技ETF华宝,中证金融科技主题指数收益率,399699.SZ
516760.SH,养殖ETF平安,中证畜牧养殖指数收益率,931946.CSI
159842.SZ,券商ETF银华,中证全指证券公司指数收益率,h20168.CSI
516220.SH,化工ETF国泰,中证细分化工产业主题指数收益率,000813.SH
516120.SH,化工ETF富国,中证细分化工产业主题指数收益率,000813.SH
159865.SZ,养殖ETF国泰,中证畜牧养殖指数收益率,931946.CSI
516780.SH,稀土ETF华泰柏瑞,中证稀土产业指数收益率,930598.CSI
516020.SH,化工ETF华宝,中证细分化工产业主题指数收益率,000813.SH
159869.SZ,游戏ETF华夏,中证动漫游戏指数收益率,921523.CSI
516770.SH,游戏ETF华泰柏瑞,中证动漫游戏指数收益率,921523.CSI
159867.SZ,养殖ETF鹏华,中证畜牧养殖指数收益率,931946.CSI
516010.SH,游戏ETF国泰,中证动漫游戏指数收益率,921523.CSI
159870.SZ,化工ETF鹏华,中证细分化工产业主题指数收益率,000813.SH
159863.SZ,光伏ETF鹏华,中证光伏产业指数收益率,931151.CSI
516600.SH,消费服务ETF工银,中证消费服务领先指数收益率,000806.CSI
516520.SH,智能驾驶ETF华泰柏瑞,中证智能汽车主题指数收益率,399432.SZ
159855.SZ,影视ETF银华,中证影视主题指数收益率,
517100.SH,沪港深500ETF富国,中证沪港深500指数收益率,h20455.CSI
516180.SH,光伏ETF平安,中证光伏产业指数收益率,931151.CSI
159848.SZ,证券ETF国联安,中证全指证券公司指数收益率,h20168.CSI
516000.SH,大数据ETF华夏,中证大数据产业指数收益率,
516060.SH,创新药ETF工银,中证创新药产业指数收益率,
159849.SZ,生物科技ETF招商,中证生物科技主题指数收益率,932245.CSI
517000.SH,沪港深500ETF银华,中证沪港深500指数收益率,h20455.CSI
159857.SZ,光伏ETF天弘,中证光伏产业指数收益率,931151.CSI
517300.SH,沪港深300ETF国寿,中证沪港深300指数,921395.CSI
515230.SH,软件ETF国泰,中证全指软件指数收益率,h20202.CSI
516080.SH,创新药ETF易方达,中证创新药产业指数收益率,
516660.SH,新能源车ETF华安,中证新能源汽车指数收益率,
159850.SZ,恒生国企ETF华夏,恒生中国企业指数收益率(使用估值汇率折算),
517080.SH,沪港深500ETF汇添富,中证沪港深500指数收益率,h20455.CSI
159839.SZ,生物医药ETF汇添富,国证生物医药指数收益率,399441.SZ
516800.SH,智能制造ETF华宝,中证智能制造主题指数收益率,930850.CSI
159852.SZ,软件ETF嘉实,中证软件服务指数收益率,
159841.SZ,证券ETF天弘,中证全指证券公司指数收益率,h20168.CSI
513330.SH,恒生互联网ETF华夏,恒生互联网科技业指数收益率(使用估值汇率折算),
159843.SZ,食品饮料ETF招商,国证食品饮料行业指数收益率,399131.SZ
517050.SH,互联网ETF华泰柏瑞,中证沪港深互联网指数收益率,
517200.SH,互联网ETF嘉实,中证沪港深互联网指数,
159856.SZ,互联网龙头ETF工银,中证沪港深互联网指数收益率,
516160.SH,新能源ETF南方,中证新能源指数收益率,
516050.SH,科技龙头ETF工银,中证科技龙头指数收益率,921524.CSI
515910.SH,质量ETF中金,MSCI中国A股国际质量指数收益率,133333.CSI
159837.SZ,生物科技ETF易方达,中证生物科技主题指数收益率,932245.CSI
163418.SZ,兴全合兴LOF,沪深300指数收益率*60%+恒生指数收益率(使用估值汇率折算)*20%+中债综合(全价)指数收益率*20%,000300.SH
515400.SH,大数据ETF富国,中证大数据产业指数收益率,
516880.SH,光伏ETF银华,中证光伏产业指数收益率,931151.CSI
515920.SH,智能消费ETF博时,中证智能消费主题指数,
515170.SH,食品饮料ETF华夏,中证细分食品饮料产业主题指数收益率,000815.SH
513550.SH,港股通50ETF华泰柏瑞,中证港股通50指数收益率(使用估值汇率折算),930931.CSI
515710.SH,食品饮料ETF华宝,中证细分食品饮料产业主题指数收益率,000815.SH
515250.SH,智能汽车ETF富国,中证智能汽车主题指数收益率,399432.SZ
159828.SZ,医疗ETF国泰,中证医疗指数收益率,
515290.SH,银行ETF天弘,中证银行指数收益率,h20180.CSI
159824.SZ,新能源车ETF博时,中证新能源汽车指数收益率,
159827.SZ,农业ETF银华,中证农业主题指数,
159825.SZ,农业ETF富国,中证农业主题指数收益率,
515790.SH,光伏ETF华泰柏瑞,中证光伏产业指数收益率,931151.CSI
515120.SH,创新药ETF广发,中证创新药产业指数,
515320.SH,电子50ETF华安,中证电子50指数收益率,399281.SZ
513300.SH,纳斯达克ETF华夏,估值汇率调整后的纳斯达克100指数收益,
501207.SH,华夏创新未来LOF,中证800指数收益率*70%+上证国债指数收益率*20%+经汇率调整的恒生指数收益率*10%,
501206.SH,添富创新未来LOF,中证800指数收益率*55%+恒生指数收益率(使用估值汇率折算)*25%+中债综合指数收益率*20%,
501208.SH,中欧创新未来LOF,中证800指数收益率*70%+银行活期存款利率(税后)*20%+恒生指数收益率*10%,
501205.SH,鹏华创新未来LOF,中证800指数收益率*70%+中证综合债指数收益率*20%+恒生指数收益率*10%(经汇率估值调整),
159821.SZ,创业板ETF中银证券,创业板指数收益率,399006.SZ
501203.SH,易基创新未来LOF,中证800指数收益率*65%+中债总指数收益率*20%+中证港股通综合指数收益率*15%,
159822.SZ,新经济ETF银华,标普中国新经济行业(A股上限)指数收益率,
588000.SH,科创50ETF华夏,上证科创板50成份指数收益率,
588090.SH,科创50ETF华泰柏瑞,上证科创板50成份指数收益率,
588050.SH,科创50ETF工银,上证科创板50成份指数收益率,
588080.SH,科创50ETF易方达,上证科创板50成份指数收益率,
162720.SZ,广发创业板定开,创业板指数收益率*80%+中债综合财富(总值)指数收益率*20%,399006.SZ
515530.SH,中证500ETF泰康,中证500指数收益率,
515760.SH,浙江国资ETF华夏,中证浙江国资创新发展指数收益率,921372.CSI
510370.SH,沪深300ETF兴业,沪深300指数收益率,000300.SH
160529.SZ,创业板博时定开,创业板综合指数收益率*60%+中债综合财富(总值)指数收益率*30%+中证港股通综合指数(人民币)收益率*10%,399102.SZ
160143.SZ,创业板定开南方,创业板指数收益率*60%+中债总指数收益率*30%+中证港股通综合指数收益率*10%,399006.SZ
518890.SH,上海金ETF中银,上海黄金交易所上海金集中定价合约(合约代码:SHAU)午盘基准价格收益率,
502056.SH,医疗基金LOF,中证医疗指数收益率*95%+银行活期存款利率(税后)*5%,
510760.SH,上证指数ETF国泰,上证综合指数收益率,000008.SH
161914.SZ,创业板2年定开,创业板综合指数收益率*80%+中债综合指数收益率*20%,399102.SZ
161121.SZ,银行LOF易方达,中证银行指数收益率*95%+活期存款利率(税后)*5%,h20180.CSI
159820.SZ,中证500ETF天弘,中证500指数收益率,
518860.SH,上海金ETF建信,上海黄金交易所上海金集中定价合约(合约代码:SHAU)的午盘基准价的收益率,
159808.SZ,创100ETF融通,创业板指数收益率,399006.SZ
513990.SH,港股通ETF招商,上证港股通指数收益率,
506001.SH,万家科创板,中国战略新兴产业成份指数收益率*75%+中债综合指数收益率*25%,
511360.SH,短融ETF海富通,中证短融指数收益率,
159816.SZ,0-4年地方债ETF鹏华,中证0-4年期地方政府债指数收益率,
506003.SH,富国科创板,中国战略新兴产业成份指数收益率*70%+中债综合全价指数收益率*20%+恒生港股通指数收益率(使用估值汇率折算)*10%,
506005.SH,科创板博时,中国战略新兴产业成份指数收益率*60%+中债综合财富(总值)指数收益率*30%+中证港股通综合指数(人民币)收益率*10%,
506006.SH,汇添富科创板,上证科创板50成份指数收益率*70%+中债综合财富指数收益率*20%+恒生指数收益率(使用估值汇率折算)*10%,
506000.SH,科创板基金,上证科创板50成份指数收益率*65%+中债总指数收益率*30%+中证港股通综合指数(人民币)收益率*5%,
506002.SH,易方达科创板,上证科创板50成份指数收益率*80%+中债总指数收益率*15%+中证港股通综合指数收益率*5%,
159819.SZ,人工智能ETF易方达,中证人工智能主题指数收益率,921487.CSI
160325.SZ,华夏创业板定开,创业板指数收益率*70%+银行活期存款利率(税后)*20%+恒生指数收益率(经汇率调整)*10%,399006.SZ
501202.SH,华泰创新先锋LOF,沪深300指数收益率*60%+中债综合指数收益率*40%,000300.SH
515260.SH,电子ETF华宝,中证电子50指数收益率,399281.SZ
166027.SZ,中欧创业定开,创业板指数收益率*70%+中证短债指数收益率*20%+中证港股通指数收益率*10%,399006.SZ
160926.SZ,创业板定开,创业板综合指数收益率*60%+中债综合全价指数收益率*30%+恒生综合指数收益率*10%,399102.SZ
161040.SZ,创业富国定开,创业板指数收益率*55%+中债综合全价指数收益率*40%+恒生指数收益率(使用估值汇率折算)*5%,399006.SZ
511180.SH,可转债ETF海富通,上证投资级可转债及可交换债券指数收益率,
518600.SH,金ETF广发,上海黄金交易所上海金集中定价合约(合约代码:SHAU)午盘基准价格收益率,
518680.SH,金ETF富国,上海黄金交易所上海金集中定价合约(合约代码:SHAU)午盘基准价格收益率,
510570.SH,中证500ETF兴业,中证500指数收益率,
515560.SH,证券ETF建信,中证全指证券公司指数,h20168.CSI
159814.SZ,创业大盘ETF西部利得,创业板大盘指数收益率,
159810.SZ,创业板ETF浦银,创业板指数收益率,399006.SZ
513080.SH,法国ETF华安,法国CAC40指数收益率(经汇率调整后),
515100.SH,红利低波100ETF景顺,中证红利低波动100指数收益率,921345.CSI
501200.SH,科创加银LOF,中国战略新兴产业成份指数收益率*60%+中债综合指数收益率*30%+恒生互联网科技业指数收益率*10%,
515770.SH,MSCI中国A股ETF摩根,MSCI中国A股人民币指数收益率,133333.CSI
515190.SH,中证500ETF中银证券,中证500指数收益率,
167508.SZ,安信价值发现定开,沪深300指数收益率*70%+中债总指数(全价)收益率*25%+恒生指数收益率*5%,000300.SH
159812.SZ,黄金ETF前海开源,上海黄金交易所Au99.99现货实盘合约收益率,
515960.SH,医药ETF嘉实,中证医药健康100策略指数收益率,931166.CSI
518660.SH,黄金ETF工银,上海黄金交易所Au99.99现货实盘合约收盘价收益率,
159813.SZ,半导体ETF鹏华,国证半导体芯片指数收益率,980001.CSI
518850.SH,黄金ETF华夏,上海黄金交易所黄金现货实盘合约Au99.99价格收益率,
501099.SH,平安新兴产业LOF,中国战略新兴产业成份指数收益率*65%+中债总指数收益率*20%+恒生指数收益率(经汇率估值调整)*15%,
510200.SH,上证券商ETF汇安,上证证券行业指数,
515130.SH,沪深300ETF博时,沪深300指数收益率,000300.SH
168701.SZ,金融科技LOF,国证香蜜湖金融科技指数收益率*95%+人民币银行活期存款利率(税后)*5%,
159811.SZ,5GETF博时,中证5G产业50指数收益率,
164508.SZ,国富中证A100LOF,中证100指数收益率*95%+银行同业存款利率*5%,399329.SZ
501098.SH,科创建信LOF,中国战略新兴产业成份指数收益率*50%+中证综合债指数收益率*30%+恒生指数收益率(使用估值汇率折算)*20%,
501097.SH,科创国寿LOF,中证500指数收益率*70%+中证全债指数收益率*30%,
159991.SZ,创业板大盘ETF招商,创业板大盘指数收益率,
160527.SZ,博时研究优选LOF,沪深300指数收益率*60%+恒生指数收益率*20%+中债综合财富(总值)指数收益率*20%,000300.SH
501096.SH,国联安科创LOF,中国战略新兴产业成份指数收益率*50%+中债综合指数收益率*40%+恒生指数收益率(使用估值汇率折算)*10%,
515890.SH,红利ETF博时,中证红利指数收益率,000015.SH
159992.SZ,创新药ETF银华,中证创新药产业指数,
159998.SZ,计算机ETF天弘,中证计算机主题指数收益率,
515950.SH,医药50ETF富国,中证医药50指数收益率,399647.SZ
159807.SZ,科技ETF易方达,中证科技50指数收益率,399279.SZ
513090.SH,香港证券ETF易方达,中证香港证券投资主题指数收益率(使用估值汇率折算),930709.CSI
501095.SH,中银证券科技创新LOF,中国战略新兴产业成份指数收益率*80%+中债综合全价指数收益率*20%,
159806.SZ,新能源车ETF国泰,中证新能源汽车指数收益率,
159805.SZ,传媒ETF鹏华,中证传媒指数收益率,
501093.SH,华夏翔阳LOF,中证800指数收益率*50%+中债综合指数收益率*30%+经汇率调整的恒生指数收益率*20%,
511380.SH,可转债ETF博时,中证可转债及可交换债券指数收益率,
159804.SZ,创中盘88ETF国寿,国证创业板中盘精选88指数,
515630.SH,证券保险ETF鹏华,中证800证券保险指数收益率,399966.SZ
159996.SZ,家电ETF国泰,中证全指家用电器指数收益率,
159997.SZ,电子ETF天弘,中证电子指数收益率,399136.SZ
501092.SH,交银瑞思LOF,沪深300指数收益率*70%+中证综合债券指数收益率*25%+恒生指数收益率*5%,000300.SH
515030.SH,新能源车ETF华夏,中证新能源汽车指数收益率,
502000.SH,500增强LOF,中证500指数收益率*95%+商业银行活期存款利率(税后)*5%,
515160.SH,MSCI中国ETF招商,MSCI中国A股国际通指数(MSCI China A Inclusion RMB Index)收益率,133333.CSI
159994.SZ,通信ETF银华,中证5G通信主题指数,931079.CSI
515210.SH,钢铁ETF国泰,中证钢铁指数收益率,
515850.SH,证券ETF富国,中证全指证券公司指数收益率,h20168.CSI
501091.SH,嘉实欣荣LOF,沪深300指数收益率*60%+中债综合财富指数收益率*30%+恒生指数收益率*10%,000300.SH
515220.SH,煤炭ETF国泰,中证煤炭指数收益率,000820.SH
159801.SZ,芯片ETF广发,国证半导体芯片指数收益率,980001.CSI
159995.SZ,芯片ETF华夏,国证半导体芯片指数收益率,980001.CSI
515090.SH,可持续发展ETF博时,中证可持续发展100指数收益率,
515450.SH,红利低波50ETF南方,标普中国A股大盘红利低波50指数收益率,
515700.SH,新能源车ETF平安,中证新能源汽车产业指数收益率,
515380.SH,沪深300ETF泰康,沪深300指数收益率,000300.SH
159993.SZ,证券ETF鹏华,国证证券龙头指数收益率,399437.SZ
515350.SH,沪深300ETF民生加银,沪深300指数,000300.SH
515980.SH,人工智能ETF华富,中证人工智能产业指数收益率,921487.CSI
512730.SH,银行ETF鹏华,中证银行指数收益率,h20180.CSI
159970.SZ,深100ETF工银,深证100指数收益率,399329.SZ
501090.SH,消费龙头LOF,中证消费龙头指数收益率*95%+人民币银行活期存款利率(税后)*5%,931068.CSI
161837.SZ,银华大盘定开,沪深300指数收益率*60%+恒生指数收益率(使用估值汇率调整)*20%+中证综合债指数收益率*20%,000300.SH
159981.SZ,能源化工ETF建信,易盛郑商所能源化工指数A收益率,
515390.SH,沪深300ETF华安,沪深300指数收益率,000300.SH
515070.SH,人工智能ETF华夏,中证人工智能主题指数收益率,921487.CSI
167506.SZ,安信深圳科技LOF,中证深圳科技创新主题指数收益率*95%+银行活期存款利率(税后)*5%,931136.CSI
515330.SH,沪深300ETF天弘,沪深300指数收益率,000300.SH
515310.SH,沪深300ETF汇添富,沪深300指数收益率,000300.SH
501089.SH,消费红利增强LOF,中证主要消费红利指数收益率*95%+人民币银行活期存款收益率(税后)*5%,h01158.CSI
515080.SH,中证红利ETF招商,中证红利指数收益率,000015.SH
515060.SH,房地产ETF华夏,中证全指房地产指数收益率,931775.CSI
515180.SH,红利ETF易方达,中证红利指数收益率,000015.SH
515660.SH,沪深300ETF国联安,沪深300指数,000300.SH
159982.SZ,中证500ETF鹏华,中证500指数收益率,
515750.SH,科技50ETF富国,中证科技50策略指数收益率,931696.CSI
515550.SH,中证500ETF国联,中证500指数收益率,
515590.SH,500等权ETF前海开源,中证500等权重指数,000982.SH
511060.SH,5年地方债ETF海富通,上证5年期地方政府债指数收益率,
159975.SZ,深100ETF招商,深证100指数(价格)收益率,399329.SZ
166107.SZ,多因子LOF,中证500指数收益率*95%+银行活期存款利率(税后)*5%,
515150.SH,一带一路ETF富国,中证国企一带一路指数收益率,000859.CSI
515990.SH,一带一路ETF汇添富,中证国企一带一路指数收益率,000859.CSI
162216.SZ,宏利500增强LOF,中证500指数收益率*95%+1年期定期存款利率(税后)*5%,
515110.SH,一带一路ETF易方达,中证国企一带一路指数收益率,000859.CSI
159976.SZ,湾创ETF工银,粤港澳大湾区创新100指数收益率,
515200.SH,创新100ETF申万菱信,中证研发创新100指数,
515020.SH,银行ETF华夏,中证银行指数收益率,h20180.CSI
159980.SZ,有色ETF大成,上海期货交易所有色金属期货价格指数收益率,
510530.SH,中证500ETF工银,中证500指数收益率,
515650.SH,消费50ETF富国,中证消费50指数收益率,000126.SH
515800.SH,中证800ETF汇添富,中证800指数收益率,
515810.SH,中证800ETF易方达,中证800指数收益率,
515580.SH,科技100ETF华泰柏瑞,中证科技100指数收益率,399608.SZ
167302.SZ,大湾区LOF,恒生沪深港通大湾区综合指数收益率*95%+人民币银行活期存款利率(税后)*5%,
515860.SH,科技ETF嘉实,中证新兴科技100策略指数收益率,931165.CSI
159985.SZ,豆粕ETF华夏,大连商品交易所豆粕期货价格指数收益率,
515360.SH,沪深300ETF方正富邦,沪深300指数收益率,000300.SH
512970.SH,大湾区ETF平安,中证粤港澳大湾区发展主题指数收益率,
515680.SH,央企创新ETF嘉实,中证央企创新驱动指数收益率,000861.CSI
159974.SZ,央企创新ETF富国,中证央企创新驱动指数收益率,000861.CSI
515600.SH,央企创新ETF广发,中证央企创新驱动指数收益率,000861.CSI
161118.SZ,中小企业100LOF,中小企业100指数收益率*95%+活期存款利率(税后)*5%,
515900.SH,央企创新ETF博时,中证央企创新驱动指数收益率,000861.CSI
515010.SH,证券ETF华夏,中证全指证券公司指数收益率,h20168.CSI
515050.SH,通信ETF华夏,中证5G通信主题指数收益率,931079.CSI
159977.SZ,创业板ETF天弘,创业板指数收益率,399006.SZ
510100.SH,上证50ETF易方达,上证50指数收益率,
501087.SH,交银瑞丰LOF,沪深300指数收益率*70%+中证综合债券指数收益率*25%+恒生指数收益率*5%,000300.SH
501088.SH,嘉实瑞虹,沪深300指数收益率*60%+中债综合财富指数收益率*30%+恒生指数收益率*10%,000300.SH
512530.SH,沪深300红利ETF建信,沪深300红利指数,000821.CSI
159972.SZ,5年地方债ETF鹏华,中证5年期地方政府债指数收益率,
515880.SH,通信ETF国泰,中证全指通信设备指数收益率,h21160.CSI
515300.SH,300红利低波ETF嘉实,沪深300红利低波动指数收益率,000821.CSI
512190.SH,浙商之江凤凰ETF,中证浙江凤凰行动50指数收益率,
159968.SZ,中证500ETF博时,中证500指数收益率,
512650.SH,长三角ETF汇添富,中证长三角一体化发展主题指数收益率,
512710.SH,军工龙头ETF富国,中证军工龙头指数收益率,931066.CSI
515000.SH,科技ETF华宝,中证科技龙头指数收益率,921524.CSI
161729.SZ,招商瑞利LOF,沪深300指数收益率*60%+中证全债指数收益率*30%+恒生指数收益率(使用估值汇率折算)*10%,000300.SH
501079.SH,科创大成LOF,中国战略新兴产业成份指数收益率*60%+中债综合全价指数收益率*40%,
159973.SZ,民企ETF弘毅远方,国证民企领先100指数收益率,921267.CSI
512930.SH,AI人工智能ETF平安,中证人工智能主题指数收益率,921487.CSI
512720.SH,计算机ETF国泰,中证计算机主题指数收益率,
501080.SH,科创主题投资基金LOF,中国战略新兴产业成份指数收益率*65%+中债-综合全价(总值)指数收益率*35%,
501085.SH,财通科创LOF,中国战略新兴产业成份指数收益率*75%+上证国债指数收益率*25%,
512670.SH,国防ETF鹏华,中证国防指数收益率,
501083.SH,科创银华LOF,中债综合财富指数收益率*50%+中国战略新兴产业成份指数收益率*40%+恒生指数收益率(使用估值汇率调整)*10%,
501081.SH,科创中欧LOF,中国战略新兴产业成份指数收益率*50%+中债综合指数收益率*40%+恒生指数收益率*10%,
501082.SH,科创投资LOF,中国战略新兴产业成份指数收益率*50%+中债综合财富(总值)指数收益率*30%+中证港股通综合指数(人民币)*20%,
159967.SZ,创业板成长ETF华夏,创业板动量成长指数收益率,
159966.SZ,创业板价值ETF华夏,创业板低波价值指数收益率,
501075.SH,科创主题LOF,中国战略新兴产业成份指数收益率*50%+中债综合指数收益率*50%,
513520.SH,日经ETF华夏,日经225指数收益率(经汇率调整后),
513800.SH,日本东证指数ETF南方,"东证指数(Tokyo Stock Price Index,“TOPIX”)(经汇率调整后)",
513880.SH,日经225ETF华安,日经225指数收益率(经汇率调整后),
513000.SH,日经225ETF易方达,日经225指数收益率(使用估值汇率折算),
159971.SZ,创业板ETF富国,创业板指数收益率,399006.SZ
501073.SH,华安智联LOF,中债综合指数收益率*80%+中证800指数收益率*20%,
501078.SH,科创配置LOF,中国战略新兴产业成份指数收益率*60%+中债综合财富(总值)指数收益率*40%,
501077.SH,富国创新企业LOF,中证TMT产业主题指数收益率*60%+中证全债指数收益率*40%,
501076.SH,鹏华创新动力LOF,中国战略新兴产业成份指数收益率*30%+沪深300指数收益率*30%+中债综合指数收益率*30%+恒生指数收益率(使用估值汇率折算)*10%,
160526.SZ,博时优势企业,沪深300指数收益率*60%+恒生指数收益率*20%+中债综合财富(总值)指数收益率*20%,000300.SH
512910.SH,A100ETF广发,中证A100指数收益率,000903.SH
512750.SH,基本面50ETF嘉实,中证锐联基本面50指数收益率,
510350.SH,沪深300ETF工银,沪深300指数收益率,000300.SH
512170.SH,医疗ETF华宝,中证医疗指数收益率,
512760.SH,芯片ETF国泰,中华交易服务半导体芯片行业指数收益率,
161029.SZ,银行龙头LOF,中证银行指数收益率*95%+银行人民币活期存款利率(税后)*5%,h20180.CSI
512480.SH,半导体ETF国联安,中证全指半导体产品与设备指数收益率,h20184.CSI
166025.SZ,中欧远见定开,沪深300指数收益率*50%+中债综合指数收益率*40%+恒生指数收益率(使用估值汇率折算)*10%,000300.SH
512290.SH,生物医药ETF国泰,中证生物医药指数收益率,399441.SZ
512690.SH,酒ETF鹏华,中证酒指数收益率,
501071.SH,泓德丰泽LOF,中证800指数收益率*70%+中国债券综合全价指数收益率*30%,
161912.SZ,社会责任定开,沪深300指数收益率*80%+上证国债指数收益率*20%,000300.SH
160925.SZ,沪深港300LOF,中华交易服务沪深港300指数(人民币)收益率*95%+人民币活期存款利率(税后)*5%,
512380.SH,MSCI中国ETF银华,MSCI中国A股人民币指数收益率,133333.CSI
159965.SZ,央视50ETF国联,央视财经50指数收益率,
159964.SZ,创业板ETF平安,创业板指数收益率,399006.SZ
501070.SH,广发睿阳,中证800指数收益率*65%+中证全债指数收益率*35%,
501311.SH,港股通新经济LOF,恒生港股通新经济指数收益率(人民币计价)*95%+银行活期存款利率(税后)*5%,
501064.SH,国泰价值LOF,沪深300指数收益率*60%+中债综合指数收益率*40%,000300.SH
511030.SH,公司债ETF平安,中债-中高等级公司债利差因子指数收益率,
512150.SH,富时A50ETF汇安,富时中国A50指数收益率,
511020.SH,国债ETF平安,中证5-10年期国债活跃券指数收益率*100%,
512890.SH,红利低波ETF华泰柏瑞,中证红利低波动指数收益率,921345.CSI
512870.SH,杭州湾区ETF南华,中证杭州湾区指数收益率,931033.CSI
510850.SH,上证50ETF工银,上证50指数收益率,
501065.SH,经典成长,沪深300指数收益率*60%+恒生指数收益率(使用估值汇率折算)*20%+中债综合财富指数收益率*20%,000300.SH
510550.SH,中证500ETF方正富邦,中证500指数收益率,
512260.SH,中证500低波动ETF华安,中证500行业中性低波动指数收益率,
512040.SH,价值100ETF富国,中证国信价值指数收益率,931052.CSI
159961.SZ,深100ETF方正富邦,深证100价格指数收益率,399004.SZ
161132.SZ,易方达科顺定开,中证800指数收益率*40%+中债总指数收益率*40%+中证港股通综合指数收益率*20%,
501310.SH,价值基金LOF,标普沪港深中国增强价值指数收益率*95%+人民币银行活期存款利率(税后)*5%,
512820.SH,银行ETF汇添富,中证银行指数收益率,h20180.CSI
159959.SZ,央企ETF银华,中证央企结构调整指数收益率,
512960.SH,央企结构调整ETF博时,中证央企结构调整指数收益率,
512950.SH,央企改革ETF华夏,中证央企结构调整指数收益率,
511270.SH,10年地方债ETF海富通,上证10年期地方政府债指数收益率,
159960.SZ,恒生中国企业ETF平安,恒生中国企业指数收益率(经汇率调整),
501062.SH,南方瑞合LOF,沪深300指数收益率*40%+上证国债指数收益率*40%+中证港股通综合指数(人民币)收益率*20%,000300.SH
510600.SH,上证50ETF申万菱信,上证50指数,
501060.SH,金选300A类LOF,中证中金优选300指数收益率*95%+银行活期存款利率(税后)*5%,
501061.SH,金选300C类LOF,中证中金优选300指数收益率*95%+银行活期存款利率(税后)*5%,
160726.SZ,嘉实瑞享定开,沪深300指数收益率*50%+恒生指数收益率*40%(人民币计价)+中债综合财富指数收益率*10%,000300.SH
512770.SH,战略新兴ETF华夏,中国战略新兴产业成份指数(简称:新兴成指)指数收益率,
501059.SH,国企红利LOF,中证国有企业红利指数收益率*90%+商业银行活期存款利率(税后)*10%,
501189.SH,嘉实产业优选LOF,沪深300指数收益率*45%+恒生指数收益率(人民币计价)*45%+中债综合财富指数收益率*10%,000300.SH
161131.SZ,易方达科润LOF,沪深300指数收益率*45%+中证港股通综合指数收益率*35%+中债总指数收益率*20%,000300.SH
161728.SZ,招商优选LOF,沪深300指数收益率*60%+恒生综合指数收益率(经汇率调整后)*20%+中债综合(全价)指数收益率*20%,000300.SH
501188.SH,添富核心精选LOF,沪深300指数收益率*50%+中债综合指数收益率*30%+恒生指数收益率(使用估值汇率折算)*20%,000300.SH
160142.SZ,南方优势产业LOF,沪深300指数收益率*50%+上证国债指数收益率*30%+中证港股通综合指数(人民币)收益率*20%,000300.SH
501186.SH,华夏兴融LOF,沪深300指数收益率*70%+上证国债指数收益率*30%,000300.SH
164824.SZ,印度基金LOF,中信证券印度ETP指数收益率*90%+人民币活期存款收益率(税后)*10%,
512360.SH,MSCIA股ETF平安,MSCI中国A股国际指数(MSCI China A International Index)收益率,133333.CSI
512390.SH,中国低波ETF平安,MSCI中国A股低波动指数(MSCI China A International Minimum Volatility Index)收益率,133333.CSI
161039.SZ,1000增强LOF,中证1000指数收益率*95%+银行人民币活期存款利率(税后)*5%,000852.SH
501057.SH,新能源车LOF,中证新能源汽车产业指数收益率*95%+银行人民币活期存款利率(税后)*5%,
501058.SH,新能源车LOFC,中证新能源汽车产业指数收益率*95%+银行人民币活期存款利率(税后)*5%,
512090.SH,MSCIA股ETF易方达,MSCI中国A股国际通指数(MSCI China A Inclusion RMB Index)收益率,133333.CSI
513900.SH,港股通100ETF华安,中华交易服务港股通精选100指数收益率(经汇率调整),
512520.SH,MSCI中国ETF华泰柏瑞,MSCI中国A股国际通指数收益率,133333.CSI
512180.SH,MSCIA股ETF建信,MSCI中国A股国际通指数收益率,133333.CSI
501307.SH,沪港深红利LOF,中证沪港深高股息指数收益率*95%+银行活期存款利率(税后)*5%,930836.CSI
512160.SH,MSCI中国A股ETF南方,MSCI中国A股国际通指数收益率,133333.CSI
510590.SH,中证500ETF平安,中证500指数收益率,
169106.SZ,东方红创优定开,中债综合指数收益率*80%+沪深300指数收益率*20%,
159954.SZ,恒生中国企业ETF南方,恒生中国企业指数收益率(估值汇率调整),
159956.SZ,创业板ETF建信,创业板指数收益率,399006.SZ
163417.SZ,兴全合宜LOF,沪深300指数收益率*60%+恒生指数收益率*20%+中国债券总指数收益率*20%,000300.SH
510380.SH,沪深300ETF国寿,沪深300指数,000300.SH
512980.SH,传媒ETF广发,中证传媒指数收益率,
510390.SH,沪深300ETF平安,沪深300指数收益率,000300.SH
159958.SZ,创业板ETF工银,创业板指数收益率,399006.SZ
510800.SH,上证50ETF建信,上证50指数收益率,
501053.SH,东方红目标优选,中债综合指数收益率*80%+沪深300指数收益率*20%,
161014.SZ,富国汇利定开,中债综合指数收益率,
159957.SZ,创业板ETF华夏,创业板指数,399006.SZ
501048.SH,证券公司LOFC,中证全指证券公司指数收益率*95%+银行人民币活期存款利率(税后)*5%,h20168.CSI
501047.SH,证券公司LOF,中证全指证券公司指数收益率*95%+银行人民币活期存款利率(税后)*5%,h20168.CSI
501051.SH,圆信永丰汇利LOF,沪深300指数收益率*60%+上证国债指数收益率*40%,000300.SH
501306.SH,港股高股息LOFC,中证港股通高股息投资指数收益率*95%(经估值汇率调整后)+银行活期存款利率(税后)*5%,930914.CSI
501305.SH,港股高股息LOF,中证港股通高股息投资指数收益率*95%(经估值汇率调整后)+银行活期存款利率(税后)*5%,930914.CSI
160644.SZ,港美互联网LOF,中证海外中国互联网指数(人民币计价)*95%+人民币活期存款利率(税后)*5%,930735.CSI
166024.SZ,中欧恒利定开,沪深300指数收益率*60%+中债综合指数收益率*40%,000300.SH
160140.SZ,美国REIT精选LOF,道琼斯美国精选REIT指数收益率*95%+银行人民币活期存款利率(税后)*5%,
501046.SH,财通福鑫定开混合,沪深300指数收益率*55%+上证国债指数收益率*45%,000300.SH
501303.SH,恒生中型股LOF,人民币计价的恒生综合中型股指数收益率*95%+人民币活期存款收益率(税后)*5%,
501043.SH,沪深300LOF,沪深300指数收益率*95%+银行人民币活期存款利率(税后)*5%,000300.SH
501045.SH,沪深300LOFC,沪深300指数收益率*95%+银行人民币活期存款利率(税后)*5%,000300.SH
512200.SH,房地产ETF南方,中证全指房地产指数收益率,931775.CSI
501038.SH,银华明择,沪深300指数收益率*55%+中国债券总指数收益率*45%,000300.SH
511670.SH,华泰天天金ETF,同期七天通知存款利率(税后),
501037.SH,中证500LOFC,中证500指数收益率*95%+银行人民币活期存款利率(税后)*5%,
160924.SZ,恒生指数LOF,恒生指数收益率*95%+人民币活期存款利率(税后)*5%,
501036.SH,中证500LOF,中证500指数收益率*95%+银行人民币活期存款利率(税后)*5%,
511620.SH,货币ETF国泰,同期七天通知存款利率(税后),
511260.SH,十年国债ETF国泰,上证10年期国债指数收益率,
512400.SH,有色金属ETF南方,中证申万有色金属指数收益率,
166023.SZ,中欧瑞丰LOF,沪深300指数收益率*60%+中债综合指数收益率*40%,000300.SH
512570.SH,证券ETF易方达,中证全指证券公司指数,h20168.CSI
161038.SZ,成长LOF,中证500指数收益率*47.5%+创业板指数收益率*47.5%+银行活期存款利率(税后)*5%,
501302.SH,恒生指数基金LOF,经估值汇率调整的恒生指数收益率*95%+人民币活期存款利率(税后)*5%,
512800.SH,银行ETF华宝,中证银行指数,h20180.CSI
512560.SH,军工ETF易方达,中证军工指数,399959.SZ
512550.SH,富时A50ETF嘉实,富时中国A50指数收益率,
161715.SZ,大宗商品LOF,中证大宗商品股票指数收益率*95%+商业银行活期存款利率(税后)*5%,399979.SZ
512700.SH,银行ETF南方,中证银行指数收益率,h20180.CSI
161130.SZ,纳斯达克100LOF,纳斯达克100指数收益率(使用估值汇率折算)*95%+活期存款利率(税后)*5%,
160643.SZ,空天军工LOF,中证空天一体军工指数收益率*95%+银行活期存款利率(税后)*5%,h20875.CSI
160324.SZ,华夏磐晟LOF,沪深300指数收益率*50%+上证国债指数收益率*50%,000300.SH
163111.SZ,申万中小LOF,中小企业100指数收益率*95%+银行同业存款利率*5%,
501016.SH,券商基金LOF,中证申万证券行业指数收益率*95%+银行活期存款利率(税后)*5%,
161037.SZ,高端制造LOF,中证高端制造主题指数收益率*95%+银行人民币活期存款利率(税后)*5%,
167003.SZ,鼎弘LOF,中证综合债指数收益率*80%+沪深300指数收益率*20%,
159952.SZ,创业板ETF广发,创业板指数收益率,399006.SZ
501301.SH,香港大盘LOF,经人民币汇率调整的恒生中国(香港上市)30指数收益率*95%+人民币银行活期存款利率(税后)*5%,
160723.SZ,嘉实原油LOF,WTI原油价格收益率*100%,
161631.SZ,人工智能LOF,中证人工智能主题指数收益率*95%+银行人民币活期存款利率(税后)*5%,921487.CSI
501019.SH,军工基金LOF,国证航天军工指数收益率*95%+银行活期存款利率(税后)*5%,
511770.SH,金鹰增益货币ETF,七天通知存款利率(税后),
161036.SZ,娱乐增强LOF,中证娱乐主题指数收益率*95%+银行人民币活期存款利率(税后)*5%,
512900.SH,证券ETF南方,中证全指证券公司指数收益率,h20168.CSI
164509.SZ,国富恒利债券LOF,中债综合指数(全价),
162719.SZ,石油LOF,人民币计价的道琼斯美国石油开发与生产指数收益率*95%+人民币活期存款收益率(税后)*5%,
501032.SH,财通福盛混合LOF,沪深300指数收益率*70%+中债综合全价指数收益率*30%,000300.SH
512580.SH,环保ETF广发,中证环保产业指数收益率,
161233.SZ,国投瑞泰LOF,沪深300指数收益率*50%+中债综合指数收益率*50%,000300.SH
501029.SH,红利基金LOF,标普中国A股红利机会指数收益率*95%+同期银行活期存款利率(税后)*5%,
513050.SH,中概互联网ETF易方达,中证海外中国互联网50指数,930735.CSI
168401.SZ,红土创新精选LOF,沪深300指数收益率*60%+中证全债指数收益率*40%,000300.SH
501031.SH,环境治理LOFC,中证环境治理指数收益率*95%+银行人民币活期存款利率(税后)*5%,399806.SZ
501012.SH,中药基金LOFC,中证中药指数收益率*95%+银行人民币活期存款利率(税后)*5%,
501011.SH,中药基金LOF,中证中药指数收益率*95%+银行人民币活期存款利率(税后)*5%,
501030.SH,环境治理LOF,中证环境治理指数收益率*95%+银行人民币活期存款利率(税后)*5%,399806.SZ
511650.SH,货币ETF华夏,七天通知存款利率(税后),
160323.SZ,华夏磐泰LOF,上证国债指数收益率*70%+沪深300指数收益率*30%,
501007.SH,互联网医疗LOF,中证互联网医疗主题指数收益率*95%+银行人民币活期存款利率(税后)*5%,
501008.SH,互联网医疗LOFC,中证互联网医疗主题指数收益率*95%+银行人民币活期存款利率(税后)*5%,
501010.SH,生物科技LOFC,中证生物科技主题指数收益率*95%+银行人民币活期存款利率(税后)*5%,932245.CSI
501009.SH,生物科技LOF,中证生物科技主题指数收益率*95%+银行人民币活期存款利率(税后)*5%,932245.CSI
168301.SZ,东海祥龙LOF,沪深300指数收益率*50%+中债综合指数收益率*50%,000300.SH
161129.SZ,原油LOF易方达,标普高盛原油商品指数(S&P GSCI Crude Oil Index ER)收益率,
161626.SZ,融通通福LOF,中债综合(全价)指数收益率,
161127.SZ,标普生物科技LOF,标普生物科技精选行业指数收益率(使用估值汇率折算)*95%+活期存款利率(税后)*5%,
161128.SZ,标普信息科技LOF,标普500信息科技指数收益率(使用估值汇率折算)*95%+活期存款利率(税后)*5%,
169201.SZ,浙商鼎盈LOF,沪深300指数收益率*70%+中国债券总指数收益率*30%,000300.SH
161125.SZ,标普500LOF,标普500指数收益率(使用估值汇率折算)*95%+活期存款利率(税后)*5%,
161126.SZ,标普医疗保健LOF,标普500医疗保健等权重指数收益率(使用估值汇率折算)*95%+活期存款利率(税后)*5%,
501300.SH,美元债LOF,巴克莱资本美国综合债券指数收益率*90%+商业银行活期存款基准利率(税后)*10%,
511950.SH,添利货币ETF广发,人民币活期存款利率(税后),
501028.SH,财通福瑞混合LOF,沪深300指数收益率*55%+上证国债指数收益率*45%,000300.SH
161035.SZ,医药增强LOF,中证医药主题指数收益率*95%+银行人民币活期存款利率(税后)*5%,000121.SH
160223.SZ,创业板LOF,创业板指数收益率*95%+银行活期存款利率(税后)*5%,399006.SZ
160322.SZ,港股精选LOF,恒生综合指数收益率*90%+同期人民币活期存款利率*10%,000008.SH
501025.SH,香港银行LOF,中证香港银行投资指数收益率*95%+银行活期存款利率(税后)*5%,
164703.SZ,汇添富纯债LOF,中债综合指数,
161124.SZ,港股小盘LOF,恒生综合小型股指数收益率(使用估值汇率折算)*95%+活期存款利率(税后)*5%,
501050.SH,50AHLOF,上证50AH优选指数收益率*95%+银行活期存款利率(税后)*5%,000170.SH
501022.SH,银华鑫盛LOF,沪深300指数收益率*50%+中国债券总指数收益率*50%,000300.SH
501023.SH,港中小企LOF,中证香港中小企业投资主题指数收益率*95%+银行活期存款利率(税后)*5%,
160722.SZ,嘉实惠泽LOF,沪深300指数收益率*50%+中债综合指数收益率*50%,000300.SH
511690.SH,交易货币ETF大成,中国人民银行公布的人民币活期存款基准利率(税后),
512100.SH,中证1000ETF南方,中证1000指数,000852.SH
164814.SZ,工银双债LOF,中证智选可转换债券流动性策略指数收益率*80%+中债综合财富(1年以下)指数收益率*20%,
168105.SZ,九泰泰富LOF,沪深300指数收益率*60%+中债总指数(总值)财富指数收益率*40%,000300.SH
511700.SH,货币ETF平安,同期中国人民银行公布的七天通知存款利率(税后),
164210.SZ,天弘同利LOF,中债综合全价(1-3年)指数收益率*80%+银行一年期定期存款利率(税后)*20%,
160642.SZ,鹏华增瑞LOF,沪深300指数收益率*60%+中证综合债指数收益率*40%,000300.SH
167002.SZ,鼎越LOF,沪深300指数收益率*50%+中证综合债指数收益率*50%,000300.SH
501026.SH,财通福享混合LOF,沪深300指数收益率*55%+上证国债指数收益率*45%,000300.SH
160421.SZ,华安智增LOF,沪深300指数收益率*50%+中国债券总指数收益率*50%,000300.SH
511660.SH,货币ETF建信,同期中国人民银行公布的七天通知存款利率(税前),
512000.SH,券商ETF华宝,中证全指证券公司指数,h20168.CSI
511600.SH,华安日日鑫ETF,同期七天通知存款利率(税后),
512680.SH,军工ETF广发,中证军工指数收益率,399959.SZ
168104.SZ,九泰锐丰LOF,沪深300指数收益率*60%+中债总指数(总值)财富指数收益率*40%,000300.SH
160921.SZ,多策略LOF,沪深300指数收益率*60%+中债综合指数收益率*40%,000300.SH
168103.SZ,九泰锐益LOF,沪深300指数收益率*60%+中债总指数(总值)财富指数收益率*40%,000300.SH
512810.SH,军工ETF华宝,中证军工指数,399959.SZ
169105.SZ,东方红睿华LOF,沪深300指数收益率*60%+恒生指数收益率*20%+中国债券总指数收益率*20%,000300.SH
161834.SZ,银华鑫锐LOF,沪深300指数收益率*50%+中国债券总指数收益率*50%,000300.SH
510810.SH,上海国企ETF汇添富,中证上海国企指数,000865.SH
165525.SZ,基建工程LOF,中证基建工程指数收益率*95%+金融同业存款利率*5%,399995.SZ
512880.SH,证券ETF国泰,中证全指证券公司指数收益率,h20168.CSI
512660.SH,军工ETF国泰,中证军工指数收益率,399959.SZ
167001.SZ,鼎泰LOF,沪深300指数收益率*50%+中证综合债指数收益率*50%,000300.SH
164403.SZ,农业精选LOF,中证大农业指数收益率*60%+中证全债指数收益率*30%+恒生指数收益率*10%,
160635.SZ,医药LOF基金,中证医药卫生指数收益率*95%+商业银行活期存款利率(税后)*5%,
511970.SH,国寿货币ETF,7天通知存款利率(税后),
160225.SZ,新能源汽车LOF,国证新能源汽车指数收益率*95%+银行活期存款利率(税后)*5%,
511850.SH,招商财富宝ETF,人民币活期存款基准利率(税后),
159949.SZ,创业板50ETF华安,创业板50指数收益率,399673.SZ
169104.SZ,东方红睿满LOF,沪深300指数收益率*60%+恒生指数收益率*20%+中国债券总指数收益率*20%,000300.SH
163003.SZ,长信利鑫LOF,中债综合指数,
501021.SH,香港中小LOF,经人民币汇率调整的标普香港上市中国中小盘指数收益率*95%+人民币活期存款利率(税后)*5%,
511910.SH,融通货币ETF,银行活期存款利率(税后),
501018.SH,南方原油LOF,WTI原油价格收益率*60%+BRENT原油价格收益率*40%,
161727.SZ,招商增荣LOF,中证800指数收益率*50%+中债-综合全价(总值)指数收益率*50%,
501017.SH,国泰融丰LOF,沪深300指数收益率*60%+中证综合债指数收益率*40%,000300.SH
161232.SZ,国投瑞盛LOF,沪深300指数收益率*50%+中债综合指数收益率*50%,000300.SH
165528.SZ,中信保诚鼎利LOF,沪深300指数收益率*50%+中证综合债指数收益率*50%,000300.SH
162215.SZ,宏利聚利债券LOF,中债企业债总全价指数收益率*90%+中债国债总全价指数收益率*10%,
159948.SZ,创业板ETF南方,创业板指数收益率,399006.SZ
160622.SZ,鹏华丰利LOF,中债总指数收益率,
160518.SZ,博时睿远LOF,沪深300指数收益率*50%+中债综合指数收益率*50%,000300.SH
162415.SZ,美国消费LOF,经人民币汇率调整的标普美国品质消费股票指数收益率*95%+人民币活期存款利率(税后)*5%,
501015.SH,财通升级混合LOF,沪深300指数收益率*55%+上证国债指数收益率*45%,000300.SH
511920.SH,货币ETF广发,活期存款利率(税后),
161033.SZ,智能汽车LOF,中证智能汽车主题指数收益率*95%+银行人民币活期存款利率(税后)*5%,399432.SZ
163005.SZ,长信利众LOF,中债综合(全价)指数,
168102.SZ,九泰锐富LOF,沪深300指数收益率*60%+中国债券总指数收益率*40%,000300.SH
166016.SZ,中欧纯债LOF,中债综合(全价)指数收益率,
511820.SH,鹏华添利ETF,活期存款利率(税后),
501005.SH,精准医疗LOF,中证精准医疗主题指数收益率*95%+银行人民币活期存款利率(税后)*5%,
163907.SZ,中海惠裕LOF,中证全债指数,
511960.SH,货币ETF嘉实,按中国人民银行公布币活期存款利率(税后),
161229.SZ,国投中国价值LOF,MSCI中国指数*95%+同期人民币一年期定期存款利率(税后)*5%,133333.CSI
164206.SZ,天弘添利LOF,中国债券总指数,
511930.SH,货币ETF国联,七天通知存款利率(税后),
511900.SH,富国货币ETF,活期存款利率(税后),
511980.SH,货币ETF汇添富,活期存款利率(税后),
510580.SH,中证500ETF易方达,中证500指数,
510360.SH,沪深300ETF广发,沪深300指数收益率,000300.SH
161227.SZ,国投深证100LOF,深证100价格指数收益率*95%+银行活期存款利率(税后)*5%,399004.SZ
168101.SZ,九泰锐智LOF,沪深300指数收益率*60%+中国债券总指数收益率*40%,000300.SH
502023.SH,钢铁LOF,国证钢铁行业指数收益率*95%+商业银行活期存款利率(税后)*5%,932113.CSI
502053.SH,券商LOF,中证全指证券公司指数收益率*95%+银行活期存款利率(税后)*5%,h20168.CSI
161226.SZ,国投白银LOF,上海期货交易所白银期货主力合约收益率(扣除相关费用),
167301.SZ,保险主题LOF,中证方正富邦保险主题指数收益率*95%+金融机构人民币活期存款基准利率(税后)*5%,
167501.SZ,安信宝利债券LOF,中债综合指数,
511830.SH,货币ETF华泰柏瑞,当期银行活期存款利率(税后),
502003.SH,军工LOF,中证军工指数收益率*95%+同期银行活期存款利率(税后)*5%,399959.SZ
502010.SH,证券LOF,中证全指证券公司指数收益率*95%+同期银行活期存款利率(税后)*5%,h20168.CSI
501001.SH,财通精选混合LOF,沪深300指数收益率*55%+上证国债指数收益率*45%,000300.SH
512330.SH,信息科技ETF南方,中证500信息技术指数,000858.SH
168204.SZ,煤炭LOF,中证煤炭指数收益率*95%+同期银行活期存款利率(税后)*5%,000820.SH
159944.SZ,材料ETF广发,中证全指原材料指数,
159945.SZ,能源ETF广发,中证全指能源指数,000986.SH
161030.SZ,体育LOF,中证体育产业指数收益率*95%+银行人民币活期存款利率(税后)*5%,
161032.SZ,煤炭龙头LOF,中证煤炭指数收益率*95%+银行人民币活期存款利率(税后)*5%,000820.SH
168203.SZ,钢铁LOF,国证钢铁行业指数收益率*95%+同期银行活期存款利率(税后)*5%,932113.CSI
163118.SZ,医药生物LOF,中证申万医药生物指数收益率*95%+银行同业存款利率*5%,
502006.SH,国企改革LOF,中证国有企业改革指数收益率*95%+同期银行活期存款利率(税后)*5%,
161031.SZ,工业40LOF,中证工业4.0指数收益率*95%+银行人民币活期存款利率(税后)*5%,399803.SZ
162414.SZ,新机遇LOF,1年期银行定期存款基准利率(税后)+3%,
159941.SZ,纳指ETF广发,纳斯达克100指数(Nasdaq-100 Index)收益率(经汇率调整后的总收益指数收益率),
160135.SZ,高铁基金LOF,中证高铁产业指数收益率*95%+银行人民币活期存款利率(税后)*5%,399807.SZ
160637.SZ,创业板LOF基金,创业板指数收益率*95%+商业银行活期存款利率(税后)*5%,399006.SZ
159943.SZ,深证成指ETF大成,深证成份指数,
161123.SZ,并购重组LOF,中证万得并购重组指数收益率*95%+活期存款利率(税后)*5%,
161122.SZ,生物科技LOF,中证万得生物科技指数收益率*95%+活期存款利率(税后)*5%,
510560.SH,中证500ETF国寿,中证500指数,
502013.SH,一带一路LOF,中证申万一带一路主题指数收益率*95%+银行活期存款利率(税后)*5%,
160639.SZ,高铁LOF,中证高铁产业指数收益率*95%+商业银行活期存款利率(税后)*5%,399807.SZ
161725.SZ,白酒基金LOF,中证白酒指数收益率*95%+金融机构人民币活期存款基准利率(税后)*5%,
161726.SZ,生物医药LOF,国证生物医药指数收益率*95%+金融机构人民币活期存款基准利率(税后)*5%,399441.SZ
164906.SZ,中概互联网LOF,中证海外中国互联网指数收益率*95%+银行活期存款利率(税后)*5%,930735.CSI
510710.SH,上证50ETF博时,上证50指数,
160806.SZ,长盛中证800LOF,中证800指数收益率*95%+一年期银行定期存款利率(税后)*5%,
162412.SZ,医疗基金LOF,中证医疗指数收益率*95%+同期银行活期存款利率(税后)*5%,
161724.SZ,煤炭等权LOF,中证煤炭等权指数收益率*95%+金融机构人民币活期存款基准利率(税后)*5%,399990.SZ
161225.SZ,国投瑞盈LOF,沪深300指数收益率*50%+中债综合指数收益率*50%,000300.SH
160638.SZ,带路LOF,中证一带一路主题指数收益率*95%+商业银行活期存款利率(税后)*5%,399991.SZ
163116.SZ,申万电子LOF,中证申万电子行业投资指数收益率*95%+银行同业存款利率*5%,
512510.SH,中证500ETF华泰柏瑞,中证500指数,
166105.SZ,信澳鑫安LOF,中债总财富(总值)指数收益率*80%+沪深300指数收益率*15%+金融机构人民币活期存款基准利率(税后)*5%,
160633.SZ,券商LOF,中证全指证券公司指数收益率*95%+商业银行活期存款利率(税后)*5%,h20168.CSI
512500.SH,中证500ETF华夏,中证500指数,
162108.SZ,金鹰元盛债券LOF,中国债券综合财富指数收益率,
160632.SZ,酒LOF,中证酒指数收益率*95%+商业银行活期存款利率(税后)*5%,
161722.SZ,招商丰泰LOF,中国人民银行公布金融机构人民币一年期存款基准利率+3%(单利年化),
160631.SZ,银行LOF基金,中证银行指数收益率*95%+商业银行活期存款利率(税后)*5%,h20180.CSI
502048.SH,上证50LOF,上证50指数收益率*95%+活期存款利率(税后)*5%,
165517.SZ,中信保诚双盈LOF,中证综合债指数收益率,
161224.SZ,国投新丝路LOF,沪深300指数收益率*60%+中债综合指数收益率*40%,000300.SH
166011.SZ,中欧盛世LOF,沪深300指数收益率*75%+中证全债指数收益率*25%,000300.SH
160221.SZ,有色金属LOF,国证有色金属行业指数收益率*95%+银行活期存款利率(税后)*5%,932112.CSI
161028.SZ,新能源车LOF,中证新能源汽车指数收益率*95%+银行人民币活期存款利率(税后)*5%,
161027.SZ,证券LOF,中证全指证券公司指数收益率*95%+银行人民币活期存款利率(税后)*5%,h20168.CSI
159940.SZ,金融地产ETF广发,中证全指金融地产指数,932075.CSI
162105.SZ,金鹰持久增利LOF,中国债券综合指数(财富)增长率*95%+沪深300指数增长率*5%,
161716.SZ,招商双债LOF,中债综合指数收益率*60%+天相可转债指数收益率*40%,
512990.SH,MSCIA股ETF华夏,MSCI中国A股国际通指数收益率,133333.CSI
161222.SZ,国投瑞利LOF,沪深300指数收益率*50%+中债综合指数收益率*50%,000300.SH
159939.SZ,信息技术ETF广发,中证全指信息技术指数,000993.SH
160919.SZ,产业升级LOF,沪深300指数收益率*80%+中证综合债券指数收益率*20%,000300.SH
513600.SH,恒生指数ETF南方,恒生指数(使用估值汇率调整),
159005.SZ,快钱ETF汇添富,活期存款利率(税后),
513660.SH,恒生ETF华夏,(人民币/港币汇率*恒生指数)收益率,
161026.SZ,国企改革LOF,中证国有企业改革指数收益率*95%+银行人民币活期存款利率(税后)*5%,
166401.SZ,稳健增利LOF,中债综合(全价)指数收益率*85%+银行活期存款利率(税后)*10%+中证可转换债券指数收益率*5%,
160629.SZ,传媒LOF,中证传媒指数收益率*95%+商业银行活期存款利率(税后)*5%,
160618.SZ,鹏华丰泽LOF,中债总指数收益率,
511810.SH,货币ETF南方,同期中国人民银行公布的七天通知存款利率(税后),
159938.SZ,医药ETF广发,中证全指医药卫生指数,000991.SH
165522.SZ,TMTLOF,中证TMT产业主题指数收益率*95%+金融同业存款利率*5%,
511860.SH,货币ETF博时,七天通知存款利率(税后),
164208.SZ,天弘丰利LOF,中债综合指数,
511800.SH,易方达货币ETF,活期存款利率(税后),
160630.SZ,国防LOF,中证国防指数收益率*95%+商业银行活期存款利率(税后)*5%,
161720.SZ,证券基金LOF,中证全指证券公司指数收益率*95%+金融机构人民币活期存款基准利率(税后)*5%,h20168.CSI
511220.SH,城投债ETF海富通,上证城投债指数收益率,
160813.SZ,长盛同盛LOF,沪深300指数收益率*50%+中证综合债指数收益率*50%,000300.SH
160222.SZ,食品LOF,国证食品饮料行业指数收益率*95%+银行活期存款利率(税后)*5%,399131.SZ
169101.SZ,东方红睿丰LOF,沪深300指数收益率*70%+中国债券总指数收益率*30%,000300.SH
160628.SZ,地产LOF,中证800地产指数收益率*95%+商业银行活期存款利率(税后)*5%,399965.SZ
161025.SZ,互联网LOF,中证移动互联网指数收益率*95%+银行人民币活期存款利率(税后)*5%,852222.SI
159937.SZ,黄金ETF博时,黄金现货实盘合约AU99.99收益率,
513030.SH,德国ETF华安,德国DAX指数(DAX Index)收益率(经汇率调整后的总收益指数收益率),
163115.SZ,申万军工LOF,中证军工指数收益率*95%+银行同业存款利率*5%,399959.SZ
512220.SH,TMTETF景顺,中证科技传媒通信150指数,h20318.CSI
160133.SZ,南方天元LOF,沪深300指数收益率*80%+上证国债指数收益率*20%,000300.SH
512070.SH,证券保险ETF易方达,沪深300非银行金融指数,000300.SH
512640.SH,金融地产ETF嘉实,中证金融地产指数收益率,000992.SH
512600.SH,消费ETF嘉实,中证主要消费指数收益率,h01158.CSI
160513.SZ,稳健债LOF,中证全债指数收益率,
159936.SZ,可选消费ETF广发,中证全指可选消费指数,000989.SH
161908.SZ,万家添利LOF,中国债券总指数,
163114.SZ,申万环保LOF,中证环保产业指数收益率*95%+银行活期存款利率(税后)*5%,
161015.SZ,富国天盈LOF,中债综合指数,
160626.SZ,信息LOF,中证信息技术指数收益率*95%+商业银行活期存款利率(税后)*5%,399170.SZ
160625.SZ,证保LOF,中证800证券保险指数收益率*95%+商业银行活期存款利率(税后)*5%,399966.SZ
161505.SZ,银河通利债券LOF,中债综合全价指数,
160918.SZ,中小盘LOF,中证700指数收益率*60%+恒生指数收益率*20%+中证综合债券指数收益率*20%,
161831.SZ,恒生国企LOF,人民币/港币汇率*恒生中国企业指数收益率*95%+人民币活期存款收益率(税后)*5%,
161024.SZ,军工LOF,中证军工价格指数收益率*95%+银行人民币活期存款利率(税后)*5%,399967.SZ
160812.SZ,长盛同益LOF,沪深300指数收益率*50%+中证综合债指数收益率*50%,000300.SH
163113.SZ,申万证券LOF,中证申万证券行业指数收益率*95%+银行同业存款利率*5%,
164705.SZ,恒生LOF,经人民币汇率调整的恒生指数收益率*95%+商业银行活期存款利率(税后)*5%,
161811.SZ,沪深300LOF银华,沪深300指数收益率*95%+商业银行活期存款利率(税后)*5%,000300.SH
160220.SZ,国泰民益LOF,沪深300指数收益率*50%+中债综合指数收益率*50%,000300.SH
159935.SZ,中证500ETF景顺,中证500指数,
165521.SZ,金融LOF,中证800金融价格指数收益率*95%+金融同业存款利率*5%,000974.SH
513500.SH,标普500ETF博时,"标普500指数(S&P 500 Index(NTR,Net total Return))(经估值汇率调整,以人民币计价)",
512120.SH,医药ETF华安,中证细分医药产业主题指数收益率,000814.SH
159934.SZ,黄金ETF易方达,上海黄金交易所Au99.99现货实盘合约收盘价,
510680.SH,上证50ETF万家,上证50指数,
512010.SH,医药ETF易方达,沪深300医药卫生指数,399913.SZ
159933.SZ,金融地产ETF国投瑞银,沪深300金融地产指数,399914.SZ
165520.SZ,有色LOF,中证800有色金属指数收益率*95%+金融同业存款利率*5%,000823.SH
160219.SZ,医药LOF,国证医药卫生行业指数收益率*95%+银行活期存款利率(税后)*5%,
159929.SZ,医药ETF汇添富,中证医药卫生指数,
159930.SZ,能源ETF汇添富,中证能源指数,
159928.SZ,消费ETF汇添富,中证主要消费指数,h01158.CSI
159931.SZ,金融地产ETF汇添富,中证金融地产指数,000992.SH
160515.SZ,安丰18定开,1年期定期存款利率(税后)*150%,
165519.SZ,医药生物科技LOF,中证800制药与生物科技指数收益率*95%+金融同业存款利率*5%,
518880.SH,黄金ETF华安,国内黄金现货价格收益率,
518800.SH,黄金ETF国泰,上海黄金交易所挂盘交易的Au99.99合约,
159003.SZ,招商快线ETF,人民币活期存款基准利率(税后),
162715.SZ,广发聚源LOF,中债总全价指数收益率,
513100.SH,纳指ETF国泰,纳斯达克100指数(Nasdaq-100 Index)收益率(经汇率调整后的总收益指数收益率),
510510.SH,中证500ETF广发,中证500指数,
511880.SH,银华日利ETF,活期存款利率(税后),
159001.SZ,货币ETF易方达,活期存款基准利率*(1-利息税税率),
510630.SH,消费ETF华夏,上证主要消费行业指数,h01158.CSI
510650.SH,金融地产ETF华夏,上证金融地产行业指数,000992.SH
510660.SH,医药ETF华夏,上证医药卫生行业指数,
165313.SZ,建信优势LOF,沪深300指数收益率*75%+中国债券总指数收益率*25%,000300.SH
510310.SH,沪深300ETF易方达,沪深300指数,000300.SH
511010.SH,国债ETF国泰,上证5年期国债指数收益率,
160212.SZ,国泰估值LOF,沪深300指数收益率*80%+中证全债指数收益率*20%,000300.SH
159925.SZ,沪深300ETF南方,沪深300指数,000300.SH
159923.SZ,中证A100ETF大成,中证A100指数,000903.SH
159922.SZ,中证500ETF嘉实,中证500指数,
160218.SZ,房地产LOF,国证房地产行业指数收益率*95%+银行活期存款利率(税后)*5%,
510500.SH,中证500ETF南方,中证500指数,
511990.SH,华宝添益ETF,同期七天通知存款利率(税后),
510330.SH,沪深300ETF华夏,沪深300指数,000300.SH
163415.SZ,兴全商业模式LOF,沪深300指数*80%+中证国债指数*20%,000300.SH
161119.SZ,易方达新综债LOF,中债-新综合指数,
160621.SZ,鹏华丰和LOF,中债综合指数收益率,
160620.SZ,资源LOF,中证A股资源产业指数收益率*95%+银行活期存款利率(税后)*5%,000805.CSI
161820.SZ,银华纯债LOF,中债综合指数(全价),
510900.SH,恒生中国企业ETF易方达,恒生中国企业指数(使用估值汇率折算),
159920.SZ,恒生ETF华夏,(人民币/港币汇率*恒生指数)收益率,
160916.SZ,优选LOF,沪深300指数收益率*80%+中证综合债券指数收益率*20%,000300.SH
164810.SZ,工银纯债定开,三年期银行定期存款收益率(税后),
161117.SZ,易基永旭添利定开,两年期银行定期存款收益率(税前)+0.5%,
163821.SZ,沪深300等权LOF,沪深300等权重指数收益率*95%+同期银行活期存款利率*5%,000300.SH
160128.SZ,南方金利定开,三年期定期存款收益率(税后),
159919.SZ,沪深300ETF嘉实,沪深300指数,000300.SH
165516.SZ,中信保诚周期LOF,沪深300指数收益率*80%+中证综合债指数收益率*20%,000300.SH
161019.SZ,富国天锋LOF,中债综合指数,
510300.SH,沪深300ETF华泰柏瑞,沪深300指数,000300.SH
160216.SZ,国泰商品LOF,国泰大宗商品配置指数(全收益指数),
510410.SH,资源ETF博时,上证自然资源指数收益率,
163412.SZ,兴全轻资产LOF,沪深300指数*80%+中证国债指数*20%,000300.SH
160416.SZ,石油基金LOF,标普全球石油净总收益指数收益率(S&P Global Oil Index Net Total Return),
159918.SZ,中创400ETF嘉实,中创400指数,399624.SZ
160127.SZ,南方消费LOF,中证内地消费主题指数收益率*55%+中证港股通主要消费综合指数(人民币)收益率*30%+中证综合债指数收益率*15%,000942.SH
163819.SZ,中银信用增利LOF,中债企业债总全价指数收益率*80%+中债国债总全价指数收益率*20%,
161614.SZ,融通四季添利LOF,中债综合指数收益率,
165515.SZ,中信保诚300LOF,沪深300指数收益率*95%+金融同业存款利率*5%,000300.SH
165513.SZ,中信保诚商品LOF,中证CME中国商品消费指数(人民币)收益率,
161219.SZ,国投新兴产业LOF,中证新兴产业指数*55%+中债总指数*45%,
161017.SZ,500增强LOF,"中证500指数收益率*95%+1%(指年收益率,评价时按期间折算)",
162411.SZ,华宝油气LOF,标普石油天然气上游股票指数(全收益指数),
163208.SZ,全球油气能源LOF,标普能源行业指数(净收益)(S&P 500 Energy Sector Index(NTR)),
160125.SZ,南方香港LOF,经人民币汇率调整的恒生指数收益率*95%+人民币同期活期存款利率*5%,
159913.SZ,深价值ETF交银,深证300价值价格指数,399919.SZ
164606.SZ,信用增利LOF,中债综合指数,
159915.SZ,创业板ETF易方达,创业板指数,399006.SZ
159912.SZ,深300ETF汇添富,深证300指数,
510290.SH,上证380ETF南方,上证380指数,
159916.SZ,基本面ETF建信,深证基本面60指数收益率,
164701.SZ,黄金LOF,伦敦金价格收益率(折成人民币后),
162712.SZ,广发聚利LOF,中证全债指数收益率,
160719.SZ,嘉实黄金LOF,伦敦金价格(汇率调整后),
159910.SZ,基本面120ETF嘉实,深证基本面120指数,
165512.SZ,中信保诚机遇LOF,沪深300指数收益率*80%+中证综合债指数收益率*20%,000300.SH
161217.SZ,国投资源LOF,中证上游资源产业指数收益率*95%+银行活期存款利率(税后)*5%,h20100.CSI
159909.SZ,TMT50ETF招商,深证TMT50指数,399610.SZ
165311.SZ,信用债LOF,中国债券总指数收益率,
163110.SZ,申万量化LOF,中证500指数收益率*90%+银行同业存款收益率(税后)*10%,
510270.SH,国企ETF中银,上证国有企业100指数,
159908.SZ,创业板ETF博时,创业板指数收益率,399006.SZ
159907.SZ,国证2000ETF广发,国证2000指数收益率,399303.SZ
163409.SZ,兴全绿色LOF,中证兴业证券ESG盈利100指数收益率*80%+中证国债指数收益率*20%,921525.CSI
161116.SZ,黄金主题LOF,以伦敦黄金市场下午定盘价计价的国际现货黄金(经汇率折算)*50%+MSCI全球金矿股指数(MSCI ACWI SELECT GOLD MINERSIMI INDEX)*50%,
160512.SZ,博时卓越LOF,沪深300指数收益率*80%+中证全债指数收益率*20%,000300.SH
510230.SH,金融ETF国泰,上证180金融股指数,000018.SH
161216.SZ,国投双债LOF,标普中国可转债指数收益率*45%+中债企业债总全价指数收益率*45%+中债国债总指数收益率*10%,
161816.SZ,中证90LOF,中证等权重90指数收益率*95%+商业银行人民币活期存款利率(税后)*5%,
165511.SZ,中信保诚500LOF,中证500指数收益率*95%+金融同业存款利率*5%,
166009.SZ,中欧动力LOF,沪深300指数收益率*75%+中证全债指数收益率*25%,000300.SH
164808.SZ,工银四季LOF,中债信用债(财富)总指数收益率*80%+中债国开行债券(1~3年)总财富指数收益率*20%,
510210.SH,上证指数ETF富国,上证综合指数,000008.SH
164902.SZ,交银添利LOF,中债企业债总全价指数收益率*80%+中债国债总全价指数收益率*20%,
159906.SZ,深成长ETF大成,深证成长40价格指数,399326.SZ
510150.SH,消费ETF招商,上证消费80指数,000069.SH
161815.SZ,抗通胀LOF,标普高盛商品总指数收益率(S&P GSCI Commodity Total Return Index),
166008.SZ,中欧强债LOF,中国债券总指数,
160617.SZ,鹏华丰润LOF,中债综合指数收益率,
510170.SH,大宗商品ETF国联安,上证大宗商品股票指数,399979.SZ
510190.SH,上证50ETF华安,上证50指数收益率,
161115.SZ,易基岁丰添利LOF,中债新综合财富指数,
159905.SZ,红利ETF工银,深证红利价格指数,399324.SZ
163407.SZ,兴全沪深300LOF,沪深300指数*95%+同业存款利率*5%,000300.SH
163109.SZ,申万深成LOF,深证成指增长率*95%+银行同业存款利率*5%,
160717.SZ,H股LOF,人民币/港币汇率*恒生中国企业指数,
165509.SZ,中信保诚增强LOF,中证综合债指数收益率,
164105.SZ,华富强债LOF,中证全债指数,
510160.SH,产业升级ETF南方,中证南方小康产业指数,
160215.SZ,国泰价值LOF,沪深300指数收益率*60%+中证全债指数收益率*40%,000300.SH
160807.SZ,长盛沪深300LOF,沪深300指数收益率*95%+一年期银行定期存款利率(税后)*5%,000300.SH
165508.SZ,中信保诚深度LOF,上证180指数收益率*80%+中证综合债指数收益率*20%,
161713.SZ,招商信用添利LOF,中债-高等级信用债财富(总值)指数收益率*85%+中证可转换债券指数收益率*10%+活期存款基准利率*5%,
510090.SH,责任ETF建信,上证社会责任指数,
161812.SZ,深证100LOF,深证100价格指数收益率*95%+商业银行活期存款利率(税后)*5%,399004.SZ
510030.SH,价值ETF华宝,上证180价值指数,000029.SH
163406.SZ,兴全合润LOF,沪深300指数*80%+中证国债指数*20%,000300.SH
162509.SZ,中证A100LOF,中证A100指数收益率*95%+活期存款利率(税后)*5%,000903.SH
510130.SH,上证中盘ETF易方达,上证中盘指数,801812.SI
163001.SZ,长信医疗LOF,中证医药卫生指数收益率*60%+中国债券总指数收益率*40%,
160616.SZ,鹏华500LOF,中证500指数收益率*95%+银行活期存款利率(税后)*5%,
166006.SZ,中欧成长LOF,沪深300指数收益率*75%+中债综合指数收益率*25%,000300.SH
160716.SZ,基本面50LOF,中证锐联基本面50指数收益率*95%+银行同业存款收益率*5%,
510020.SH,超大盘ETF博时,上证超级大盘指数,n00043.SH
159903.SZ,深成ETF南方,深证成份指数,
162711.SZ,中证500LOF,中证500指数收益率*95%+银行活期存款利率(税后)*5%,
165309.SZ,沪深300LOF建信,沪深300指数收益率*95%+商业银行活期存款利率(税后)*5%,000300.SH
162307.SZ,海富通A100LOF,中证A100指数*95%+活期存款利率(税后)*5%,000903.SH
160211.SZ,国泰小盘LOF,天相小盘成长指数*45%+天相中盘成长指数*35%+中证全债指数*20%,
160119.SZ,500ETF联接LOF,中证500指数收益率*95%+银行活期存款利率(税后)*5%,
510010.SH,180治理ETF交银,上证180公司治理指数,h40010.SH
510060.SH,央企ETF工银,上证央企50指数,931823.CSI
161810.SZ,银华内需LOF,沪深300指数收益率*80%+上证国债指数收益率*20%,000300.SH
160615.SZ,鹏华300LOF,沪深300指数收益率*95%+银行同业存款利率*5%,000300.SH
161010.SZ,富国天丰LOF,中债综合指数,
160613.SZ,鹏华盛世创新LOF,沪深300指数收益率*75%+中证综合债指数收益率*25%,000300.SH
160314.SZ,华夏行业LOF,沪深300指数收益率*80%+上证国债指数收益率*20%,000300.SH
160910.SZ,创新成长LOF,沪深300指数*70%+中国债券总指数*30%,000300.SH
161610.SZ,融通领先成长LOF,沪深300指数收益率*80%+中债综合全价(总值)指数收益率*20%,000300.SH
160611.SZ,鹏华优质治理LOF,沪深300指数收益率*75%+中证综合债指数收益率*25%,000300.SH
160311.SZ,华夏蓝筹LOF,沪深300指数收益率*60%+上证国债指数收益率*40%,000300.SH
162006.SZ,长城久富LOF,沪深300指数收益率*75%+中证综合债指数收益率*25%,000300.SH
166001.SZ,中欧趋势LOF,富时中国A600指数*80%+富时中国国债指数*20%,
160610.SZ,鹏华动力LOF,沪深300指数收益率*70%+中证综合债指数收益率*30%,000300.SH
160805.SZ,长盛同智LOF,沪深300指数收益率*65%+上证国债指数收益率*30%+一年定期存款利率*5%,000300.SH
510880.SH,红利ETF华泰柏瑞,上证红利指数,000015.SH
160607.SZ,鹏华价值优势LOF,沪深300指数收益率*70%+中证综合债指数收益率*30%,000300.SH
159902.SZ,中小100ETF华夏,中小企业100指数,
162207.SZ,宏利效率混合LOF,沪深300指数收益率*60%+中证国债指数收益率*35%+同业存款利率*5%,000300.SH
510180.SH,上证180ETF华安,上证180指数,
159901.SZ,深证100ETF易方达,深证100价格指数,399004.SZ
162607.SZ,景顺资源LOF,沪深300指数*80%+中国债券总指数*20%,000300.SH
163503.SZ,天治核心LOF,富时中国A股自由流通全盘指数*75%+富时中国国债指数*25%,
161706.SZ,招商成长LOF,沪深300指数*95%+同业存款利率*5%,000300.SH
161005.SZ,富国天惠LOF,沪深300指数收益率*70%+中债综合全价指数收益率*25%+同业存款利率*5%,000300.SH
163402.SZ,兴全趋势LOF,沪深300指数*50%+中证国债指数*45%+同业存款利率*5%,000300.SH
163302.SZ,大摩资源LOF,沪深300指数收益率*70%+标普中国债券指数收益率*30%,000300.SH
160706.SZ,沪深300LOF,沪深300指数增长率*95%+银行活期存款利率(税后)*5%,000300.SH
161903.SZ,万家行业优选LOF,沪深300指数收益率*80%+上证国债指数收益率*20%,000300.SH
160106.SZ,南方高增LOF,上证综合指数*90%+上证国债指数*10%,000008.SH
161607.SZ,巨潮100LOF,巨潮100指数收益率*95%+银行同业存款利率*5%,399313.SZ
162605.SZ,景顺鼎益LOF,沪深300指数*80%+银行同业存款利率*20%,000300.SH
162703.SZ,广发小盘LOF,天相小市值指数,
160505.SZ,博时主题LOF,沪深300指数收益率*80%+上证国债指数收益率*20%,000300.SH
163801.SZ,中银中国LOF,沪深300指数*70%+中证国债指数*20%+1年期银行存款利率*10%,000300.SH
510050.SH,上证50ETF华夏,上证50指数,
160105.SZ,南方积配LOF,上证综指*85%+上证国债指数*15%,
